MAG,domain,phylum,class,order,family,genus,species
RUG001,d__Bacteria,p__Actinobacteriota,c__Coriobacteriia,o__Coriobacteriales,f__Atopobiaceae,g__UBA7741,NA
RUG002,d__Bacteria,p__Actinobacteriota,c__Coriobacteriia,o__Coriobacteriales,f__Atopobiaceae,g__UBA1367,NA
RUG003,d__Bacteria,p__Bacteroidota,c__Bacteroidia,o__Bacteroidales,f__Bacteroidaceae,g__Prevotella,NA
RUG004,d__Bacteria,p__Actinobacteriota,c__Coriobacteriia,o__Coriobacteriales,f__Atopobiaceae,g__UBA7741,s__GCA_002481765.1
RUG005,d__Bacteria,p__Firmicutes_C,c__Negativicutes,o__Veillonellales,f__Dialisteraceae,g__Dialister,NA
RUG006,d__Bacteria,p__Firmicutes_A,c__Clostridia,o__Lachnospirales,f__Lachnospiraceae,g__UBA1066,NA
RUG007,d__Bacteria,p__Firmicutes_A,c__Clostridia,o__Oscillospirales,f__Ruminococcaceae,g__Ruminococcus,s__Ruminococcus flavefaciens_E
RUG008,d__Bacteria,p__Firmicutes_A,c__Clostridia,o__Oscillospirales,f__DTU089,g__Ruminococcus_E,s__Ruminococcus_E bromii_A
RUG009,d__Bacteria,p__Firmicutes_A,c__Clostridia,o__Lachnospirales,f__Lachnospiraceae,g__CAG-603,s__GCA_002351885.1
RUG010,d__Bacteria,p__Firmicutes_A,c__Clostridia,o__Oscillospirales,f__Oscillospiraceae,g__NK3B98,NA
RUG011,d__Archaea,p__Euryarchaeota,c__Methanobacteria,o__Methanobacteriales,f__Methanobacteriaceae,NA,NA
RUG012,d__Archaea,p__Euryarchaeota,c__Methanobacteria,o__Methanobacteriales,f__Methanobacteriaceae,g__Methanobrevibacter_B,NA
RUG013,d__Bacteria,p__Actinobacteriota,c__Coriobacteriia,o__Coriobacteriales,f__Eggerthellaceae,g__Cryptobacterium,s__GCF_001486445.1
RUG014,d__Bacteria,p__Actinobacteriota,c__Coriobacteriia,o__Coriobacteriales,f__Atopobiaceae,g__UBA7748,NA
RUG015,d__Bacteria,p__Firmicutes_A,c__Clostridia,o__Lachnospirales,f__Lachnospiraceae,g__CAG-603,NA
RUG016,d__Bacteria,p__Firmicutes,c__Bacilli,o__Erysipelotrichales,f__Erysipelatoclostridiaceae,g__Sharpea,s__Sharpea azabuensis
RUG017,d__Bacteria,p__Firmicutes,c__Bacilli,o__Erysipelotrichales,f__Erysipelatoclostridiaceae,g__Sharpea,s__Sharpea azabuensis
RUG018,d__Archaea,p__Euryarchaeota,c__Methanobacteria,o__Methanobacteriales,f__Methanobacteriaceae,g__Methanobrevibacter_A,NA
RUG019,d__Bacteria,p__Firmicutes_C,c__Negativicutes,o__Acidaminococcales,f__Acidaminococcaceae,g__Succiniclasticum,s__Succiniclasticum ruminis
RUG020,d__Archaea,p__Euryarchaeota,c__Methanobacteria,o__Methanobacteriales,f__Methanobacteriaceae,g__Methanobrevibacter,s__GCA_002505605.1
RUG021,d__Bacteria,p__Firmicutes,c__Bacilli,o__RFN20,f__CAG-826,g__UBA3207,NA
RUG022,d__Bacteria,p__Bacteroidota,c__Bacteroidia,o__Bacteroidales,f__Bacteroidaceae,g__Prevotella,NA
RUG023,d__Bacteria,p__Spirochaetota,c__Spirochaetia,o__Sphaerochaetales,f__Sphaerochaetaceae,g__UBA4273,s__GCA_002396025.1
RUG024,d__Bacteria,p__Firmicutes_C,c__Negativicutes,o__Selenomonadales,f__Selenomonadaceae,g__Schwartzia,NA
RUG025,d__Bacteria,p__Actinobacteriota,c__Coriobacteriia,o__Coriobacteriales,f__Atopobiaceae,g__Olegusella,s__GCA_002472065.1
RUG026,d__Bacteria,p__Firmicutes_A,c__Clostridia,o__Oscillospirales,f__DTU089,g__Ruminococcus_E,s__GCA_000437975.1
RUG027,d__Bacteria,p__Firmicutes_A,c__Clostridia,o__Oscillospirales,f__Oscillospiraceae,g__NK3B98,NA
RUG028,d__Bacteria,p__Firmicutes_A,c__Clostridia,o__Lachnospirales,f__Lachnospiraceae,g__UBA2912,s__GCA_002349455.1
RUG029,d__Bacteria,p__Firmicutes_A,c__Clostridia,o__Saccharofermentanales,f__Saccharofermentanaceae,g__Saccharofermentans,NA
RUG030,d__Bacteria,p__Bacteroidota,c__Bacteroidia,o__Bacteroidales,f__Bacteroidaceae,g__Prevotella,NA
RUG031,d__Archaea,p__Euryarchaeota,c__Methanobacteria,o__Methanobacteriales,f__Methanobacteriaceae,g__Methanobrevibacter_A,s__GCA_002509015.1
RUG032,d__Bacteria,p__Actinobacteriota,c__Coriobacteriia,o__Coriobacteriales,f__Atopobiaceae,g__Olsenella_B,NA
RUG033,d__Bacteria,p__Actinobacteriota,c__Coriobacteriia,o__Coriobacteriales,NA,NA,NA
RUG034,d__Bacteria,p__Bacteroidota,c__Bacteroidia,o__Bacteroidales,f__P3,g__Phil12,NA
RUG035,d__Bacteria,p__Firmicutes_A,c__Clostridia,o__Lachnospirales,f__Lachnospiraceae,g__Lachnobacterium,s__Lachnobacterium bovis
RUG036,d__Bacteria,p__Bacteroidota,c__Bacteroidia,o__Bacteroidales,f__Bacteroidaceae,g__Prevotella,s__GCA_002392725.1
RUG037,d__Bacteria,p__Bacteroidota,c__Bacteroidia,o__Bacteroidales,f__Bacteroidaceae,g__Prevotella,NA
RUG038,d__Bacteria,p__Firmicutes_A,c__Clostridia,o__Peptostreptococcales,f__Anaerovoracaceae,g__Eubacterium_A,s__Eubacterium_A pyruvativorans
RUG039,d__Bacteria,p__Actinobacteriota,c__Actinobacteria,o__Actinomycetales,f__Bifidobacteriaceae,NA,NA
RUG040,d__Bacteria,p__Actinobacteriota,c__Actinobacteria,o__Actinomycetales,f__Bifidobacteriaceae,NA,NA
RUG041,d__Bacteria,p__Firmicutes_A,c__Clostridia,o__Oscillospirales,f__DTU089,g__Ruminococcus_E,NA
RUG042,d__Bacteria,p__Firmicutes,c__Bacilli,o__RFN20,f__CAG-826,g__UBA2450,NA
RUG043,d__Bacteria,p__Firmicutes_C,c__Negativicutes,o__Selenomonadales,f__Selenomonadaceae,g__Selenomonas_C,NA
RUG044,d__Bacteria,p__Firmicutes_A,c__Clostridia,o__Lachnospirales,f__Lachnospiraceae,g__UBA2912,NA
RUG045,d__Bacteria,p__Firmicutes_C,c__Negativicutes,o__Acidaminococcales,f__Acidaminococcaceae,g__Acidaminococcus,s__Acidaminococcus fermentans
RUG046,d__Bacteria,p__Bacteroidota,c__Bacteroidia,o__Bacteroidales,f__Bacteroidaceae,g__Prevotella,NA
RUG047,d__Bacteria,p__Bacteroidota,c__Bacteroidia,o__Bacteroidales,f__Bacteroidaceae,g__Prevotella,s__GCA_002392565.1
RUG048,d__Bacteria,p__Firmicutes_C,c__Negativicutes,o__Acidaminococcales,f__Acidaminococcaceae,g__Succiniclasticum,NA
RUG049,d__Bacteria,p__Firmicutes,c__Bacilli,o__Erysipelotrichales,f__Erysipelotrichaceae,g__Solobacterium,s__GCA_002350225.1
RUG050,d__Bacteria,p__Firmicutes,c__Bacilli,o__Erysipelotrichales,f__Erysipelotrichaceae,g__Solobacterium,NA
RUG051,d__Bacteria,p__Firmicutes,c__Bacilli,o__Erysipelotrichales,f__Erysipelotrichaceae,g__Solobacterium,s__GCA_002350225.1
RUG052,d__Bacteria,p__Firmicutes,c__Bacilli,o__Erysipelotrichales,f__Erysipelotrichaceae,g__Solobacterium,s__GCA_002351305.1
RUG053,d__Bacteria,p__Firmicutes,c__Bacilli,o__Erysipelotrichales,f__Erysipelotrichaceae,g__Solobacterium,s__GCA_002350225.1
RUG054,d__Bacteria,p__Firmicutes,c__Bacilli,o__Erysipelotrichales,f__Erysipelotrichaceae,g__Solobacterium,NA
RUG055,d__Bacteria,p__Firmicutes_A,c__Clostridia,o__Lachnospirales,f__Lachnospiraceae,g__Catonella,s__GCA_002472045.1
RUG056,d__Bacteria,p__Bacteroidota,c__Bacteroidia,o__Bacteroidales,f__Bacteroidaceae,g__Prevotella,s__GCA_002350665.1
RUG057,d__Bacteria,p__Firmicutes_A,c__Clostridia,o__Lachnospirales,f__Lachnospiraceae,g__CAG-791,s__GCA_002351235.1
RUG058,d__Bacteria,p__Bacteroidota,c__Bacteroidia,o__Bacteroidales,f__Bacteroidaceae,g__Prevotella,NA
RUG059,d__Bacteria,p__Bacteroidota,c__Bacteroidia,o__Bacteroidales,f__Bacteroidaceae,g__Prevotella,NA
RUG060,d__Bacteria,p__Firmicutes_A,c__Clostridia,o__Oscillospirales,f__Ruminococcaceae,g__Ruminococcus_D,NA
RUG061,d__Bacteria,p__Bacteroidota,c__Bacteroidia,o__Bacteroidales,f__P3,g__P3,NA
RUG062,d__Bacteria,p__Bacteroidota,c__Bacteroidia,o__Bacteroidales,f__Bacteroidaceae,g__Prevotella,s__GCA_002349105.1
RUG063,d__Bacteria,p__Bacteroidota,c__Bacteroidia,o__Bacteroidales,f__Bacteroidaceae,g__Prevotella,NA
RUG064,d__Bacteria,p__Bacteroidota,c__Bacteroidia,o__Bacteroidales,f__Bacteroidaceae,g__Prevotella,NA
RUG065,d__Bacteria,p__Proteobacteria,c__Gammaproteobacteria,o__Enterobacterales,f__Succinivibrionaceae,g__Ruminobacter,NA
RUG066,d__Bacteria,p__Firmicutes_A,c__Clostridia,o__Lachnospirales,f__Lachnospiraceae,g__UBA9722,s__UBA9722 sp1
RUG067,d__Bacteria,p__Firmicutes_A,c__Clostridia,o__Peptostreptococcales,f__Anaerovoracaceae,g__Eubacterium_A,NA
RUG068,d__Bacteria,p__Proteobacteria,c__Gammaproteobacteria,o__Betaproteobacteriales,f__Burkholderiaceae,g__Duodenibacillus,s__UBA9827
RUG069,d__Bacteria,p__Bacteroidota,c__Bacteroidia,o__Bacteroidales,f__Bacteroidaceae,g__Prevotella,NA
RUG070,d__Bacteria,p__Bacteroidota,c__Bacteroidia,o__Bacteroidales,f__Bacteroidaceae,g__Prevotella,NA
RUG071,d__Bacteria,p__Bacteroidota,c__Bacteroidia,o__Bacteroidales,f__Bacteroidaceae,g__Prevotella,NA
RUG072,d__Bacteria,p__Firmicutes_C,c__Negativicutes,o__Selenomonadales,f__Selenomonadaceae,g__Selenomonas_C,NA
RUG073,d__Bacteria,p__Bacteroidota,c__Bacteroidia,o__Bacteroidales,f__Bacteroidaceae,g__Prevotella,s__GCA_002350275.1
RUG074,d__Bacteria,p__Firmicutes_A,c__Clostridia,o__Oscillospirales,f__DTU089,g__Ruminococcus_E,NA
RUG075,d__Bacteria,p__Firmicutes_C,c__Negativicutes,o__Acidaminococcales,f__Acidaminococcaceae,g__Acidaminococcus,NA
RUG076,d__Archaea,p__Euryarchaeota,c__Methanobacteria,o__Methanobacteriales,f__Methanobacteriaceae,g__Methanobrevibacter_B,s__GCF_000320505.1
RUG077,d__Bacteria,p__Actinobacteriota,c__Coriobacteriia,o__Coriobacteriales,f__Atopobiaceae,g__UBA7748,NA
RUG078,d__Bacteria,p__Actinobacteriota,c__Coriobacteriia,o__Coriobacteriales,f__Atopobiaceae,g__Olegusella,s__GCA_002350025.1
RUG079,d__Bacteria,p__Bacteroidota,c__Bacteroidia,o__Bacteroidales,f__F082,g__F082,NA
RUG080,d__Bacteria,p__Firmicutes_A,c__Clostridia,o__Oscillospirales,f__DTU089,NA,NA
RUG081,d__Bacteria,p__Firmicutes_A,c__Clostridia,o__Oscillospirales,f__DTU089,g__Ruminococcus_E,NA
RUG082,d__Bacteria,p__Actinobacteriota,c__Actinobacteria,o__Actinomycetales,f__Bifidobacteriaceae,g__Bifidobacterium,s__Bifidobacterium pseudolongum_A
RUG083,d__Bacteria,p__Bacteroidota,c__Bacteroidia,o__Bacteroidales,f__WCHB1-69,g__F23-D06,NA
RUG084,d__Bacteria,p__Firmicutes_A,c__Clostridia,o__Lachnospirales,f__UBA1390,NA,NA
RUG085,d__Bacteria,p__Bacteroidota,c__Bacteroidia,o__Bacteroidales,f__Bacteroidaceae,g__Prevotella,s__Prevotella sp20
RUG086,d__Bacteria,p__Bacteroidota,c__Bacteroidia,o__Bacteroidales,f__Bacteroidaceae,g__Prevotella,NA
RUG087,d__Bacteria,p__Firmicutes,c__Bacilli,o__Erysipelotrichales,f__Erysipelotrichaceae,g__Solobacterium,NA
RUG088,d__Bacteria,p__Firmicutes_A,c__Clostridia,o__Oscillospirales,f__DTU089,g__CAG-180,s__UBA11907
RUG089,d__Bacteria,p__Firmicutes_A,c__Clostridia,o__Oscillospirales,f__DTU089,g__UBA1227,NA
RUG090,d__Bacteria,p__Firmicutes_A,c__Clostridia,o__Oscillospirales,f__DTU089,g__Ruminococcus_E,NA
RUG091,d__Bacteria,p__Firmicutes_A,c__Clostridia,o__Lachnospirales,f__Lachnospiraceae,g__CAG-603,NA
RUG092,d__Archaea,p__Euryarchaeota,c__Methanobacteria,o__Methanobacteriales,f__Methanobacteriaceae,g__Methanobrevibacter_A,s__GCA_002509015.1
RUG093,d__Bacteria,p__Bacteroidota,c__Bacteroidia,o__Bacteroidales,f__P3,g__Phil12,NA
RUG094,d__Bacteria,p__Firmicutes_A,c__Clostridia,o__Lachnospirales,f__Lachnospiraceae,g__UBA1066,NA
RUG095,d__Bacteria,p__Firmicutes_A,c__Clostridia,o__Christensenellales,f__CAG-74,g__GCA-900199385,NA
RUG096,d__Bacteria,p__Firmicutes_A,c__Clostridia,o__Lachnospirales,f__Lachnospiraceae,g__UBA2727,s__GCA_002474355.1
RUG097,d__Bacteria,p__Firmicutes_C,c__Negativicutes,o__Acidaminococcales,f__Acidaminococcaceae,g__Succiniclasticum,NA
RUG098,d__Bacteria,p__Firmicutes_A,c__Clostridia,o__Oscillospirales,f__DTU089,g__UBA1213,NA
RUG099,d__Bacteria,p__Firmicutes_A,c__Clostridia,o__Peptostreptococcales,f__Anaerovoracaceae,g__Mogibacterium,s__GCA_002350505.1
RUG100,d__Bacteria,p__Firmicutes_A,c__Clostridia,o__Peptostreptococcales,f__Anaerovoracaceae,g__UBA3738,NA
RUG101,d__Bacteria,p__Bacteroidota,c__Bacteroidia,o__Bacteroidales,f__Bacteroidaceae,g__Prevotella,NA
RUG102,d__Bacteria,p__Firmicutes_C,c__Negativicutes,o__Selenomonadales,f__Selenomonadaceae,g__Selenomonas_C,NA
RUG103,d__Bacteria,p__Firmicutes_A,c__Clostridia,o__Christensenellales,f__CAG-74,g__UBA2862,NA
RUG104,d__Bacteria,p__Firmicutes_A,c__Clostridia,o__Oscillospirales,f__Oscillospiraceae,g__CAG-110,s__GCA_002393625.1
RUG105,d__Bacteria,p__Firmicutes_A,c__Clostridia,o__Oscillospirales,f__DTU089,g__Ruminococcus_E,s__GCF_900100595.1
RUG106,d__Bacteria,p__Bacteroidota,c__Bacteroidia,o__Bacteroidales,f__Bacteroidaceae,g__Prevotella,NA
RUG107,d__Bacteria,p__Bacteroidota,c__Bacteroidia,o__Bacteroidales,f__Bacteroidaceae,g__Prevotella,NA
RUG108,d__Bacteria,p__Bacteroidota,c__Bacteroidia,o__Bacteroidales,f__Bacteroidaceae,g__Prevotella,NA
RUG109,d__Bacteria,p__Firmicutes_A,c__Clostridia,o__Oscillospirales,f__DTU089,g__Ruminococcus_E,NA
RUG110,d__Bacteria,p__Firmicutes_A,c__Clostridia,o__Oscillospirales,f__DTU089,g__Ruminococcus_E,NA
RUG111,d__Bacteria,p__Firmicutes_A,c__Clostridia,o__Christensenellales,f__CAG-74,g__GCA-900199385,NA
RUG112,d__Bacteria,p__Bacteroidota,c__Bacteroidia,o__Bacteroidales,f__Bacteroidaceae,g__Prevotella,NA
RUG113,d__Bacteria,p__Firmicutes_C,c__Negativicutes,o__Acidaminococcales,f__Acidaminococcaceae,g__Succiniclasticum,s__GCA_002481665.1
RUG114,d__Bacteria,p__Firmicutes_C,c__Negativicutes,o__Selenomonadales,f__Selenomonadaceae,g__Selenomonas,NA
RUG115,d__Bacteria,p__Firmicutes_A,c__Clostridia,o__Lachnospirales,f__Lachnospiraceae,g__CAG-45,NA
RUG116,d__Bacteria,p__Bacteroidota,c__Bacteroidia,o__Bacteroidales,f__Bacteroidaceae,g__Prevotella,s__GCA_002351735.1
RUG117,d__Bacteria,p__Firmicutes_A,c__Clostridia,o__Lachnospirales,f__Lachnospiraceae,g__Oribacterium,s__GCA_002350265.1
RUG118,d__Bacteria,p__Firmicutes_A,c__Clostridia,o__Peptostreptococcales,f__Anaerovoracaceae,g__Eubacterium_A,s__Eubacterium_A pyruvativorans
RUG119,d__Bacteria,p__Firmicutes_A,c__Clostridia,o__Peptostreptococcales,f__Anaerovoracaceae,g__Mogibacterium,NA
RUG120,d__Archaea,p__Euryarchaeota,c__Methanobacteria,o__Methanobacteriales,f__Methanobacteriaceae,g__Methanobrevibacter_B,NA
RUG121,d__Archaea,p__Euryarchaeota,c__Methanobacteria,o__Methanobacteriales,f__Methanobacteriaceae,NA,NA
RUG122,d__Bacteria,p__Firmicutes_A,c__Clostridia,o__Oscillospirales,f__DTU089,NA,NA
RUG123,d__Bacteria,p__Firmicutes,c__Bacilli,o__Erysipelotrichales,f__Erysipelatoclostridiaceae,g__Sharpea,s__Sharpea azabuensis
RUG124,d__Bacteria,p__Bacteroidota,c__Bacteroidia,o__Bacteroidales,f__Bacteroidaceae,g__Prevotella,s__GCA_002350925.1
RUG125,d__Bacteria,p__Bacteroidota,c__Bacteroidia,o__Bacteroidales,f__WCHB1-69,g__F23-D06,s__GCA_002392905.1
RUG126,d__Bacteria,p__Bacteroidota,c__Bacteroidia,o__Bacteroidales,f__Bacteroidaceae,g__Prevotella,NA
RUG127,d__Bacteria,p__Firmicutes_A,c__Clostridia,o__Oscillospirales,f__Ruminococcaceae,g__Ruminococcus,NA
RUG128,d__Bacteria,p__Firmicutes_A,c__Clostridia,o__Lachnospirales,f__Lachnospiraceae,g__Eubacterium_Q,s__GCA_002349545.1
RUG129,d__Bacteria,p__Elusimicrobiota,c__Elusimicrobia,o__Elusimicrobiales,f__Elusimicrobiaceae,g__UBA1436,NA
RUG130,d__Bacteria,p__Elusimicrobiota,c__Elusimicrobia,o__Elusimicrobiales,f__Elusimicrobiaceae,g__UBA1436,NA
RUG131,d__Bacteria,p__Firmicutes,c__Bacilli,o__RFN20,f__CAG-826,NA,NA
RUG132,d__Bacteria,p__Firmicutes_A,c__Clostridia,o__Oscillospirales,f__DTU089,g__UBA1213,NA
RUG133,d__Bacteria,p__Actinobacteriota,c__Actinobacteria,o__Actinomycetales,f__Bifidobacteriaceae,g__Bifidobacterium,s__Bifidobacterium merycicum
RUG134,d__Bacteria,p__Bacteroidota,c__Bacteroidia,o__Bacteroidales,f__P3,g__P3,NA
RUG135,d__Bacteria,p__Firmicutes_A,c__Clostridia,o__Oscillospirales,f__DTU089,g__Ruminococcus_E,NA
RUG136,d__Bacteria,p__Bacteroidota,c__Bacteroidia,o__Bacteroidales,f__Bacteroidaceae,g__Prevotella,s__Prevotella sp5
RUG137,d__Bacteria,p__Bacteroidota,c__Bacteroidia,o__Bacteroidales,f__Bacteroidaceae,g__Prevotella,s__Prevotella sp6
RUG138,d__Bacteria,p__Firmicutes_A,c__Clostridia,o__Oscillospirales,f__DTU089,g__Ruminococcus_E,s__GCF_900100595.1
RUG139,d__Bacteria,p__Bacteroidota,c__Bacteroidia,o__Bacteroidales,f__Bacteroidaceae,g__Prevotella,s__GCA_002350925.1
RUG140,d__Bacteria,p__Firmicutes_C,c__Negativicutes,o__Acidaminococcales,f__Acidaminococcaceae,g__Succiniclasticum,s__Succiniclasticum ruminis
RUG141,d__Bacteria,p__Firmicutes_A,c__Clostridia,o__Peptostreptococcales,f__Anaerovoracaceae,g__CAG-145,NA
RUG142,d__Bacteria,p__Bacteroidota,c__Bacteroidia,o__Bacteroidales,f__UBA932,g__RC9,NA
RUG143,d__Bacteria,p__Bacteroidota,c__Bacteroidia,o__Bacteroidales,f__Bacteroidaceae,g__Prevotella,s__UBA12356
RUG144,d__Bacteria,p__Bacteroidota,c__Bacteroidia,o__Bacteroidales,f__Bacteroidaceae,g__Prevotella,s__Prevotella sp5
RUG145,d__Bacteria,p__Firmicutes_A,c__Clostridia,o__Lachnospirales,f__Lachnospiraceae,NA,NA
RUG146,d__Bacteria,p__Firmicutes_A,c__Clostridia,o__4C28d-15,f__UBA3700,NA,NA
RUG147,d__Bacteria,p__Firmicutes_A,c__Clostridia,o__Lachnospirales,f__Lachnospiraceae,g__KLE1615,NA
RUG148,d__Bacteria,p__Firmicutes_A,c__Clostridia,o__Oscillospirales,f__Ruminococcaceae,g__Ruminococcus,NA
RUG149,d__Bacteria,p__Firmicutes_A,c__Clostridia,o__Oscillospirales,f__DTU089,g__CAG-180,s__UBA11907
RUG150,d__Bacteria,p__Firmicutes,c__Bacilli,o__RFN20,f__CAG-288,g__UBA7642,s__GCA_002481535.1
RUG151,d__Bacteria,p__Firmicutes_A,c__Clostridia,o__Lachnospirales,f__Lachnospiraceae,g__UBA2887,s__GCA_002349765.1
RUG152,d__Bacteria,p__Bacteroidota,c__Bacteroidia,o__Bacteroidales,f__Paludibacteraceae,g__RF16,NA
RUG153,d__Bacteria,p__Bacteroidota,c__Bacteroidia,o__Bacteroidales,f__P3,g__P3,NA
RUG154,d__Bacteria,p__Firmicutes_A,c__Clostridia,o__Lachnospirales,f__Lachnospiraceae,g__Blautia_A,s__GCA_002348945.1
RUG155,d__Bacteria,p__Firmicutes_A,c__Clostridia,o__Oscillospirales,f__DTU089,g__Ruminococcus_E,NA
RUG156,d__Bacteria,p__Bacteroidota,c__Bacteroidia,o__Bacteroidales,f__P3,g__P3,NA
RUG157,d__Bacteria,p__Firmicutes_A,c__Clostridia,o__Oscillospirales,f__Oscillospiraceae,NA,NA
RUG158,d__Bacteria,p__Firmicutes_A,c__Clostridia,o__Oscillospirales,f__DTU089,g__CAG-964,NA
RUG159,d__Bacteria,p__Firmicutes_A,c__Clostridia,o__Lachnospirales,f__UBA1390,NA,NA
RUG160,d__Bacteria,p__Bacteroidota,c__Bacteroidia,o__Bacteroidales,f__Bacteroidaceae,g__Prevotella,NA
RUG161,d__Bacteria,p__Actinobacteriota,c__Coriobacteriia,o__Coriobacteriales,f__Atopobiaceae,g__Olsenella,s__GCA_002350085.1
RUG162,d__Bacteria,p__Actinobacteriota,c__Coriobacteriia,o__Coriobacteriales,f__Atopobiaceae,g__UBA7748,NA
RUG163,d__Bacteria,p__Bacteroidota,c__Bacteroidia,o__Bacteroidales,f__Paludibacteraceae,NA,NA
RUG164,d__Bacteria,p__Bacteroidota,c__Bacteroidia,o__Bacteroidales,f__F082,g__F082,NA
RUG165,d__Bacteria,p__Bacteroidota,c__Bacteroidia,o__Bacteroidales,f__P3,g__P3,s__GCA_002350995.1
RUG166,d__Bacteria,p__Firmicutes_A,c__Clostridia,o__Oscillospirales,f__Oscillospiraceae,g__F23-B02,NA
RUG167,d__Bacteria,p__Firmicutes_A,c__Clostridia,o__Oscillospirales,f__Ruminococcaceae,g__Ruminococcus,NA
RUG168,d__Bacteria,p__Bacteroidota,c__Bacteroidia,o__Bacteroidales,f__Bacteroidaceae,g__Prevotella,s__GCA_002392565.1
RUG169,d__Bacteria,p__Bacteroidota,c__Bacteroidia,o__Bacteroidales,f__Bacteroidaceae,g__Prevotella,NA
RUG170,d__Bacteria,p__Firmicutes_A,c__Clostridia,o__Lachnospirales,f__Lachnospiraceae,g__UBA2727,s__UBA7906
RUG171,d__Bacteria,p__Proteobacteria,c__Gammaproteobacteria,o__Enterobacterales,f__Succinivibrionaceae,g__Succinivibrio,s__Succinivibrio sp2
RUG172,d__Bacteria,p__Bacteroidota,c__Bacteroidia,o__Bacteroidales,f__Bacteroidaceae,g__Prevotella,NA
RUG173,d__Bacteria,p__Bacteroidota,c__Bacteroidia,o__Bacteroidales,f__UBA932,g__RC9,NA
RUG174,d__Bacteria,p__Bacteroidota,c__Bacteroidia,o__Bacteroidales,f__Bacteroidaceae,g__UBA6382,NA
RUG175,d__Bacteria,p__Firmicutes_A,c__Clostridia,o__Oscillospirales,f__Oscillospiraceae,g__CAG-110,s__GCA_002349985.1
RUG176,d__Bacteria,p__Bacteroidota,c__Bacteroidia,o__Bacteroidales,f__Bacteroidaceae,g__Prevotella,s__Prevotella sp27
RUG177,d__Bacteria,p__Firmicutes_A,c__Clostridia,o__Oscillospirales,f__DTU089,g__Eubacterium_R,NA
RUG178,d__Bacteria,p__Bacteroidota,c__Bacteroidia,o__Bacteroidales,f__Bacteroidaceae,g__Prevotella,NA
RUG179,d__Bacteria,p__Firmicutes_C,c__Negativicutes,o__Selenomonadales,f__Selenomonadaceae,g__Selenomonas_C,NA
RUG180,d__Bacteria,p__Firmicutes_A,c__Clostridia,o__Oscillospirales,f__Oscillospiraceae,g__F23-B02,NA
RUG181,d__Bacteria,p__Fibrobacterota,c__Fibrobacteria,o__Fibrobacterales,f__Fibrobacteraceae,g__Fibrobacter,NA
RUG182,d__Bacteria,p__Bacteroidota,c__Bacteroidia,o__Bacteroidales,f__WCHB1-69,g__F23-D06,NA
RUG183,d__Bacteria,p__Firmicutes_A,c__Clostridia,o__Oscillospirales,f__DTU089,g__UBA1213,NA
RUG184,d__Bacteria,p__Bacteroidota,c__Bacteroidia,o__Bacteroidales,f__P3,g__P3,NA
RUG185,d__Bacteria,p__Firmicutes_A,c__Clostridia,o__Lachnospirales,f__Lachnospiraceae,g__Lachnospira,s__GCA_000431735.1
RUG186,d__Archaea,p__Euryarchaeota,c__Methanobacteria,o__Methanobacteriales,f__Methanobacteriaceae,g__Methanobrevibacter_A,NA
RUG187,d__Bacteria,p__Firmicutes,c__Bacilli,o__RFN20,f__CAG-826,g__UBA733,s__GCA_002308535.1
RUG188,d__Bacteria,p__Actinobacteriota,c__Coriobacteriia,o__Coriobacteriales,f__Eggerthellaceae,g__Cryptobacterium,s__GCF_001486445.1
RUG189,d__Bacteria,p__Firmicutes_A,c__Clostridia,o__Oscillospirales,f__DTU089,g__Ruminococcus_E,NA
RUG190,d__Bacteria,p__Proteobacteria,c__Gammaproteobacteria,o__Enterobacterales,f__Succinivibrionaceae,g__Succinivibrio,NA
RUG191,d__Bacteria,p__Firmicutes_A,c__Clostridia,o__Lachnospirales,f__Lachnospiraceae,NA,NA
RUG192,d__Bacteria,p__Bacteroidota,c__Bacteroidia,o__Bacteroidales,f__Bacteroidaceae,g__UBA4372,NA
RUG193,d__Bacteria,p__Bacteroidota,c__Bacteroidia,o__Bacteroidales,f__UBA932,g__RC9,NA
RUG194,d__Bacteria,p__Firmicutes_A,c__Clostridia,o__Oscillospirales,f__DTU089,NA,NA
RUG195,d__Bacteria,p__Bacteroidota,c__Bacteroidia,o__Bacteroidales,f__Bacteroidaceae,g__Prevotella,NA
RUG196,d__Bacteria,p__Firmicutes_A,c__Clostridia,o__Oscillospirales,f__DTU089,g__Ruminococcus_E,NA
RUG197,d__Bacteria,p__Bacteroidota,c__Bacteroidia,o__Bacteroidales,f__P3,g__P3,NA
RUG198,d__Bacteria,p__Firmicutes_A,c__Clostridia,o__Oscillospirales,f__DTU089,NA,NA
RUG199,d__Bacteria,p__Firmicutes_A,c__Clostridia,o__Christensenellales,f__CAG-74,g__GCA-900199385,NA
RUG200,d__Bacteria,p__Bacteroidota,c__Bacteroidia,o__Bacteroidales,f__Bacteroidaceae,g__Prevotella,NA
RUG201,d__Archaea,p__Euryarchaeota,c__Methanobacteria,o__Methanobacteriales,f__Methanobacteriaceae,g__Methanobrevibacter,s__GCA_002505605.1
RUG202,d__Bacteria,p__Firmicutes_A,c__Clostridia,o__Oscillospirales,f__DTU089,g__Ruminococcus_E,s__GCA_002350785.1
RUG203,d__Bacteria,p__Firmicutes_A,c__Clostridia,o__Oscillospirales,f__DTU089,g__Ruminococcus_E,s__GCA_002350785.1
RUG204,d__Bacteria,p__Bacteroidota,c__Bacteroidia,o__Bacteroidales,f__Bacteroidaceae,g__UBA4334,NA
RUG205,d__Bacteria,p__Bacteroidota,c__Bacteroidia,o__Bacteroidales,f__UBA932,g__RC9,NA
RUG206,d__Bacteria,p__Firmicutes,c__Bacilli,o__Mycoplasmatales,f__Ureaplasmataceae,g__Mycoplasma_BB,NA
RUG207,d__Bacteria,p__Bacteroidota,c__Bacteroidia,o__Bacteroidales,f__Bacteroidaceae,g__UBA4293,NA
RUG208,d__Bacteria,p__Firmicutes_A,c__Clostridia,o__Oscillospirales,f__DTU089,g__UBA1227,s__UBA1227 sp1
RUG209,d__Bacteria,p__Bacteroidota,c__Bacteroidia,o__Bacteroidales,f__Bacteroidaceae,g__Prevotella,NA
RUG210,d__Bacteria,p__Bacteroidota,c__Bacteroidia,o__Bacteroidales,f__Bacteroidaceae,g__F0040,NA
RUG211,d__Bacteria,p__Firmicutes_A,c__Clostridia,o__Lachnospirales,f__Lachnospiraceae,g__UBA629,NA
RUG212,d__Bacteria,p__Bacteroidota,c__Bacteroidia,o__Bacteroidales,f__Bacteroidaceae,g__Prevotella,s__GCA_002480885.1
RUG213,d__Bacteria,p__Firmicutes_A,c__Clostridia,o__Oscillospirales,f__DTU089,g__CAG-964,NA
RUG214,d__Bacteria,p__Firmicutes_A,c__Clostridia,o__Lachnospirales,f__Lachnospiraceae,g__UBA629,s__GCA_002300065.1
RUG215,d__Bacteria,p__Firmicutes_A,c__Clostridia,o__Oscillospirales,f__Oscillospiraceae,g__F23-B02,NA
RUG216,d__Bacteria,p__Bacteroidota,c__Bacteroidia,o__Bacteroidales,f__Bacteroidaceae,g__Prevotella,NA
RUG217,d__Bacteria,p__Firmicutes_A,c__Clostridia,o__Oscillospirales,f__DTU089,g__Ruminococcus_E,NA
RUG218,d__Bacteria,p__Firmicutes_A,c__Clostridia,o__Oscillospirales,f__DTU089,g__Ruminococcus_E,NA
RUG219,d__Bacteria,p__Bacteroidota,c__Bacteroidia,o__Bacteroidales,f__Bacteroidaceae,g__Prevotella,NA
RUG220,d__Bacteria,p__Firmicutes_A,c__Clostridia,o__Oscillospirales,f__Oscillospiraceae,g__CAG-110,NA
RUG221,d__Bacteria,p__Firmicutes_A,c__Clostridia,o__Oscillospirales,f__Oscillospiraceae,g__CAG-103,NA
RUG222,d__Bacteria,p__Firmicutes_A,c__Clostridia,o__Lachnospirales,f__Lachnospiraceae,g__Eubacterium_Q,s__GCA_002349545.1
RUG223,d__Bacteria,p__Firmicutes_A,c__Clostridia,o__Lachnospirales,f__Lachnospiraceae,g__Tyzzerella,NA
RUG224,d__Bacteria,p__Bacteroidota,c__Bacteroidia,o__Bacteroidales,f__Bacteroidaceae,g__Prevotella,s__GCA_002349105.1
RUG225,d__Bacteria,p__Bacteroidota,c__Bacteroidia,o__Bacteroidales,f__Paludibacteraceae,g__RF16,NA
RUG226,d__Bacteria,p__Firmicutes_A,c__Clostridia,o__Lachnospirales,f__Lachnospiraceae,g__Butyrivibrio,s__GCF_000424545.1
RUG227,d__Bacteria,p__Firmicutes_A,c__Clostridia,o__Lachnospirales,f__Lachnospiraceae,g__CAG-791,NA
RUG228,d__Bacteria,p__Bacteroidota,c__Bacteroidia,o__Bacteroidales,f__Muribaculaceae,g__C941,s__GCA_002353995.1
RUG229,d__Bacteria,p__Fibrobacterota,c__Fibrobacteria,o__Fibrobacterales,f__Fibrobacteraceae,g__Fibrobacter,s__GCF_900142495.1
RUG230,d__Bacteria,p__Firmicutes_A,c__Clostridia,o__Oscillospirales,f__DTU089,g__Ruminococcus_E,NA
RUG231,d__Bacteria,p__Firmicutes_A,c__Clostridia,o__Lachnospirales,f__Lachnospiraceae,g__Agathobacter,s__GCA_002351275.1
RUG232,d__Bacteria,p__Bacteroidota,c__Bacteroidia,o__Bacteroidales,f__Bacteroidaceae,g__Prevotella,s__GCF_900110085.1
RUG233,d__Bacteria,p__Bacteroidota,c__Bacteroidia,o__Bacteroidales,f__Bacteroidaceae,g__Prevotella,s__GCA_002342485.1
RUG234,d__Bacteria,p__Bacteroidota,c__Bacteroidia,o__Bacteroidales,f__UBA932,g__UBA1232,NA
RUG235,d__Bacteria,p__Firmicutes_A,c__Clostridia,o__Oscillospirales,f__Ruminococcaceae,g__UBA3855,NA
RUG236,d__Archaea,p__Euryarchaeota,c__Methanobacteria,o__Methanobacteriales,f__Methanobacteriaceae,g__Methanobrevibacter_A,NA
RUG237,d__Bacteria,p__Firmicutes_C,c__Negativicutes,o__Acidaminococcales,f__Acidaminococcaceae,g__Succiniclasticum,NA
RUG238,d__Bacteria,p__Firmicutes_A,c__Clostridia,o__Oscillospirales,f__DTU089,g__UBA1227,s__UBA1227 sp1
RUG239,d__Bacteria,p__Spirochaetota,c__Spirochaetia,o__Treponematales,f__Treponemataceae,g__Treponema_D,s__GCA_002350955.1
RUG240,d__Bacteria,p__Elusimicrobiota,c__Endomicrobia,o__Endomicrobiales,f__Endomicrobiaceae,NA,NA
RUG241,d__Bacteria,p__Firmicutes_A,c__Clostridia,o__Oscillospirales,f__DTU089,NA,NA
RUG242,d__Bacteria,p__Bacteroidota,c__Bacteroidia,o__Bacteroidales,f__Bacteroidaceae,g__UBA4334,s__GCA_002351015.1
RUG243,d__Bacteria,p__Bacteroidota,c__Bacteroidia,o__Bacteroidales,f__Paludibacteraceae,NA,NA
RUG244,d__Bacteria,p__Bacteroidota,c__Bacteroidia,o__Bacteroidales,f__P3,g__UBA1217,NA
RUG245,d__Bacteria,p__Bacteroidota,c__Bacteroidia,o__Bacteroidales,f__F082,g__F082,NA
RUG246,d__Bacteria,p__Firmicutes,c__Bacilli,o__Erysipelotrichales,f__Erysipelatoclostridiaceae,g__Kandleria,NA
RUG247,d__Bacteria,p__Firmicutes_A,c__Clostridia,o__Peptostreptococcales,f__Anaerovoracaceae,g__Mogibacterium,s__GCA_002350505.1
RUG248,d__Bacteria,p__Firmicutes_A,c__Clostridia,o__Oscillospirales,f__DTU089,g__UBA1213,NA
RUG249,d__Bacteria,p__Bacteroidota,c__Bacteroidia,o__Bacteroidales,f__Bacteroidaceae,g__Prevotella,s__GCA_002395825.1
RUG250,d__Bacteria,p__Bacteroidota,c__Bacteroidia,o__Bacteroidales,f__UBA932,g__RC9,NA
RUG251,d__Bacteria,p__Firmicutes_A,c__Clostridia,o__Saccharofermentanales,f__Saccharofermentanaceae,g__Firm-16,NA
RUG252,d__Bacteria,p__Firmicutes_A,c__Clostridia,o__Lachnospirales,f__Lachnospiraceae,g__UBA1066,s__UBA1066 sp2
RUG253,d__Bacteria,p__Bacteroidota,c__Bacteroidia,o__Bacteroidales,f__UBA932,g__RC9,NA
RUG254,d__Bacteria,p__Firmicutes_A,c__Clostridia,o__Lachnospirales,f__Lachnospiraceae,NA,NA
RUG255,d__Bacteria,p__Firmicutes_A,c__Clostridia,o__Oscillospirales,f__DTU089,g__UBA1227,s__UBA1227 sp1
RUG256,d__Archaea,p__Euryarchaeota,c__Methanobacteria,o__Methanobacteriales,f__Methanobacteriaceae,g__Methanobrevibacter_A,s__GCA_002509015.1
RUG257,d__Bacteria,p__Bacteroidota,c__Bacteroidia,o__Bacteroidales,f__UBA932,g__RC9,NA
RUG258,d__Bacteria,p__Firmicutes_A,c__Clostridia,o__Oscillospirales,f__DTU089,g__UBA1227,s__UBA1227 sp1
RUG259,d__Bacteria,p__Bacteroidota,c__Bacteroidia,o__Bacteroidales,f__Bacteroidaceae,g__Prevotella,NA
RUG260,d__Bacteria,p__Proteobacteria,c__Gammaproteobacteria,o__Enterobacterales,f__Succinivibrionaceae,g__Succinivibrio,NA
RUG261,d__Bacteria,p__Firmicutes,c__Bacilli,o__Erysipelotrichales,f__Erysipelatoclostridiaceae,g__Sharpea,s__Sharpea azabuensis
RUG262,d__Bacteria,p__Firmicutes,c__Bacilli,o__Erysipelotrichales,f__Erysipelatoclostridiaceae,g__Sharpea,s__Sharpea azabuensis
RUG263,d__Bacteria,p__Firmicutes_A,c__Clostridia,o__Lachnospirales,f__Lachnospiraceae,g__UBA2887,s__GCA_002349765.1
RUG264,d__Bacteria,p__Bacteroidota,c__Bacteroidia,o__Bacteroidales,f__P3,g__P3,NA
RUG265,d__Bacteria,p__Bacteroidota,c__Bacteroidia,o__Bacteroidales,f__F082,g__F082,NA
RUG266,d__Bacteria,p__Firmicutes,c__Bacilli,o__RFN20,f__CAG-826,g__UBA733,NA
RUG267,d__Bacteria,p__Firmicutes_A,c__Clostridia,o__Oscillospirales,f__DTU089,g__UBA1213,NA
RUG268,d__Bacteria,p__Firmicutes_A,c__Clostridia,o__Lachnospirales,f__Lachnospiraceae,g__Eubacterium_H,NA
RUG269,d__Bacteria,p__Bacteroidota,c__Bacteroidia,o__Bacteroidales,f__Muribaculaceae,g__C941,NA
RUG270,d__Bacteria,p__Firmicutes_A,c__Clostridia,o__Oscillospirales,f__DTU089,g__Ruminococcus_E,NA
RUG271,d__Bacteria,p__Firmicutes_A,c__Clostridia,o__Oscillospirales,f__DTU089,g__Ruminococcus_E,NA
RUG272,d__Bacteria,p__Firmicutes_A,c__Clostridia,o__Oscillospirales,f__DTU089,g__Ruminococcus_E,NA
RUG273,d__Bacteria,p__Bacteroidota,c__Bacteroidia,o__Bacteroidales,f__Bacteroidaceae,g__Prevotella,NA
RUG274,d__Bacteria,p__Firmicutes_A,c__Clostridia,o__Lachnospirales,f__Lachnospiraceae,g__UBA2887,s__GCA_002349765.1
RUG275,d__Bacteria,p__Firmicutes,c__Bacilli,o__RFN20,f__CAG-826,g__UBA733,NA
RUG276,d__Bacteria,p__Firmicutes_C,c__Negativicutes,o__Selenomonadales,f__Selenomonadaceae,g__Selenomonas_C,NA
RUG277,d__Bacteria,p__Firmicutes_A,c__Clostridia,o__Oscillospirales,f__DTU089,g__Ruminococcus_E,NA
RUG278,d__Bacteria,p__Bacteroidota,c__Bacteroidia,o__Bacteroidales,f__Muribaculaceae,g__C941,NA
RUG279,d__Bacteria,p__Bacteroidota,c__Bacteroidia,o__Bacteroidales,f__P3,g__P3,s__GCA_002350995.1
RUG280,d__Bacteria,p__Bacteroidota,c__Bacteroidia,o__Bacteroidales,f__Bacteroidaceae,g__Prevotella,NA
RUG281,d__Bacteria,p__Bacteroidota,c__Bacteroidia,o__Bacteroidales,f__Paludibacteraceae,g__RF16,NA
RUG282,d__Bacteria,p__Firmicutes_A,c__Clostridia,o__Oscillospirales,f__Oscillospiraceae,g__F23-B02,NA
RUG283,d__Bacteria,p__Firmicutes_A,c__Clostridia,o__Lachnospirales,f__Lachnospiraceae,g__CAG-791,s__CAG-791 sp2
RUG284,d__Bacteria,p__Planctomycetota,c__Planctomycetes,o__Pirellulales,f__Thermoguttaceae,NA,NA
RUG285,d__Bacteria,p__Firmicutes_A,c__Clostridia,o__Lachnospirales,f__Lachnospiraceae,g__CAG-791,s__GCA_002481255.1
RUG286,d__Bacteria,p__Firmicutes,c__Bacilli,o__Erysipelotrichales,f__Erysipelatoclostridiaceae,g__Sharpea,s__Sharpea azabuensis
RUG287,d__Bacteria,p__Firmicutes,c__Bacilli,o__Erysipelotrichales,f__Erysipelatoclostridiaceae,g__Kandleria,s__Kandleria vitulina
RUG288,d__Bacteria,p__Firmicutes_A,c__Clostridia,o__Oscillospirales,f__Oscillospiraceae,NA,NA
RUG289,d__Bacteria,p__Firmicutes_A,c__Clostridia,o__Lachnospirales,f__Lachnospiraceae,g__CAG-791,s__GCA_002372835.1
RUG290,d__Bacteria,p__Firmicutes_A,c__Clostridia,o__Oscillospirales,f__DTU089,g__Ruminococcus_E,s__GCF_900100595.1
RUG291,d__Bacteria,p__Firmicutes_A,c__Clostridia,o__Oscillospirales,f__DTU089,g__UBA1213,NA
RUG292,d__Bacteria,p__Bacteroidota,c__Bacteroidia,o__Bacteroidales,f__Bacteroidaceae,g__Prevotella,NA
RUG293,d__Bacteria,p__Firmicutes,c__Bacilli,o__ML615J-28,f__CAG-313,g__UBA1737,NA
RUG294,d__Bacteria,p__Firmicutes_A,c__Clostridia,o__Oscillospirales,f__Oscillospiraceae,g__CAG-83,NA
RUG295,d__Bacteria,p__Bacteroidota,c__Bacteroidia,o__Bacteroidales,f__Bacteroidaceae,g__Prevotella,NA
RUG296,d__Bacteria,p__Firmicutes_A,c__Clostridia,o__Clostridiales,f__Clostridiaceae,g__Clostridium,NA
RUG297,d__Bacteria,p__Firmicutes_A,c__Clostridia,o__Lachnospirales,f__Lachnospiraceae,g__Agathobacter,NA
RUG298,d__Bacteria,p__Proteobacteria,c__Gammaproteobacteria,o__Betaproteobacteriales,f__Burkholderiaceae,g__Duodenibacillus,NA
RUG299,d__Bacteria,p__Firmicutes_A,c__Clostridia,o__Oscillospirales,f__DTU089,g__Ruminococcus_E,NA
RUG300,d__Bacteria,p__Firmicutes_A,c__Clostridia,o__Lachnospirales,f__Lachnospiraceae,g__UBA1066,s__GCA_002448255.1
RUG301,d__Bacteria,p__Bacteroidota,c__Bacteroidia,o__Bacteroidales,f__Bacteroidaceae,g__Prevotella,NA
RUG302,d__Bacteria,p__Bacteroidota,c__Bacteroidia,o__Bacteroidales,f__Bacteroidaceae,g__Prevotella,s__GCA_002350925.1
RUG303,d__Bacteria,p__Firmicutes_A,c__Clostridia,o__Oscillospirales,f__Oscillospiraceae,g__ER4,s__GCA_000433195.1
RUG304,d__Bacteria,p__Firmicutes_A,c__Clostridia,o__Lachnospirales,f__Lachnospiraceae,g__CAG-791,s__GCA_002372835.1
RUG305,d__Bacteria,p__Firmicutes_A,c__Clostridia,o__Lachnospirales,f__Lachnospiraceae,g__UBA2882,s__GCA_002350185.1
RUG306,d__Bacteria,p__Firmicutes_A,c__Clostridia,o__Lachnospirales,f__Lachnospiraceae,g__UBA2887,NA
RUG307,d__Bacteria,p__Bacteroidota,c__Bacteroidia,o__Bacteroidales,f__Bacteroidaceae,g__Prevotella,s__GCA_002349105.1
RUG308,d__Bacteria,p__Firmicutes_A,c__Clostridia,o__Lachnospirales,f__Lachnospiraceae,g__CAG-791,s__GCA_002481255.1
RUG309,d__Bacteria,p__Bacteroidota,c__Bacteroidia,o__Bacteroidales,f__Bacteroidaceae,g__Prevotella,NA
RUG310,d__Bacteria,p__Bacteroidota,c__Bacteroidia,o__Bacteroidales,f__Bacteroidaceae,g__Alloprevotella,NA
RUG311,d__Bacteria,p__Firmicutes_A,c__Clostridia,o__Christensenellales,f__CAG-74,g__UBA2862,NA
RUG312,d__Bacteria,p__Bacteroidota,c__Bacteroidia,o__Bacteroidales,f__WCHB1-69,g__F23-D06,NA
RUG313,d__Bacteria,p__Firmicutes_A,c__Clostridia,o__Oscillospirales,f__Oscillospiraceae,g__CAG-110,NA
RUG314,d__Bacteria,p__Spirochaetota,c__Spirochaetia,o__Treponematales,f__Treponemataceae,g__Treponema_D,s__GCA_002350235.1
RUG315,d__Bacteria,p__Bacteroidota,c__Bacteroidia,o__Bacteroidales,f__Bacteroidaceae,g__Prevotella,NA
RUG316,d__Bacteria,p__Firmicutes_A,c__Clostridia,o__Christensenellales,f__CAG-138,g__UBA2843,s__GCA_002350935.1
RUG317,d__Bacteria,p__Bacteroidota,c__Bacteroidia,o__Bacteroidales,f__Bacteroidaceae,g__UBA4334,NA
RUG318,d__Bacteria,p__Bacteroidota,c__Bacteroidia,o__Bacteroidales,f__Bacteroidaceae,g__Prevotella,s__Prevotella sp8
RUG319,d__Bacteria,p__Firmicutes,c__Bacilli,o__Erysipelotrichales,f__Erysipelatoclostridiaceae,g__Kandleria,s__GCA_002393785.1
RUG320,d__Bacteria,p__Firmicutes_A,c__Clostridia,o__Oscillospirales,f__Oscillospiraceae,g__F23-B02,NA
RUG321,d__Bacteria,p__Firmicutes_A,c__Clostridia,o__Peptostreptococcales,f__Anaerovoracaceae,g__Mogibacterium,NA
RUG322,d__Bacteria,p__Firmicutes_A,c__Clostridia,o__Oscillospirales,f__DTU089,NA,NA
RUG323,d__Bacteria,p__Bacteroidota,c__Bacteroidia,o__Bacteroidales,f__P3,g__P3,s__GCA_002392445.1
RUG324,d__Bacteria,p__Bacteroidota,c__Bacteroidia,o__Bacteroidales,f__Paludibacteraceae,g__RF16,s__GCA_002372425.1
RUG325,d__Bacteria,p__Bacteroidota,c__Bacteroidia,o__Bacteroidales,f__P3,g__P3,NA
RUG326,d__Bacteria,p__Bacteroidota,c__Bacteroidia,o__Bacteroidales,f__P3,g__P3,NA
RUG327,d__Bacteria,p__Firmicutes_A,c__Clostridia,o__Oscillospirales,f__DTU089,g__UBA1213,NA
RUG328,d__Bacteria,p__Firmicutes_A,c__Clostridia,o__Oscillospirales,f__DTU089,NA,NA
RUG329,d__Bacteria,p__Bacteroidota,c__Bacteroidia,o__Bacteroidales,f__P3,g__P3,NA
RUG330,d__Bacteria,p__Bacteroidota,c__Bacteroidia,o__Bacteroidales,f__Muribaculaceae,g__C941,NA
RUG331,d__Bacteria,p__Bacteroidota,c__Bacteroidia,o__Bacteroidales,f__UBA932,g__RC9,NA
RUG332,d__Bacteria,p__Firmicutes_A,c__Clostridia,o__Oscillospirales,f__Oscillospiraceae,g__CAG-103,s__GCA_002481795.1
RUG333,d__Bacteria,p__Firmicutes_A,c__Clostridia,o__Oscillospirales,f__DTU089,g__Ruminococcus_E,NA
RUG334,d__Bacteria,p__Riflebacteria,c__UBA8953,o__UBA8953,f__UBA8953,NA,NA
RUG335,d__Bacteria,p__Firmicutes_A,c__Clostridia,o__Lachnospirales,f__Lachnospiraceae,g__UBA2727,NA
RUG336,d__Bacteria,p__Firmicutes_A,c__Clostridia,o__Lachnospirales,f__Lachnospiraceae,g__UBA629,s__UBA629 sp1
RUG337,d__Bacteria,p__Bacteroidota,c__Bacteroidia,o__Bacteroidales,f__Paludibacteraceae,g__RF16,s__GCA_002393655.1
RUG338,d__Archaea,p__Euryarchaeota,c__Methanobacteria,o__Methanobacteriales,f__Methanobacteriaceae,g__Methanobrevibacter_A,NA
RUG339,d__Bacteria,p__Bacteroidota,c__Bacteroidia,o__Bacteroidales,f__Bacteroidaceae,g__Prevotella,NA
RUG340,d__Bacteria,p__Firmicutes_A,c__Clostridia,o__Christensenellales,f__CAG-74,g__UBA2862,NA
RUG341,d__Bacteria,p__Firmicutes_A,c__Clostridia,o__Oscillospirales,f__DTU089,g__Ruminococcus_E,NA
RUG342,d__Bacteria,p__Firmicutes_A,c__Clostridia,o__Oscillospirales,f__Oscillospiraceae,g__CAG-103,NA
RUG343,d__Bacteria,p__Firmicutes,c__Bacilli,o__RF39,f__UBA660,NA,NA
RUG344,d__Archaea,p__Euryarchaeota,c__Methanobacteria,o__Methanobacteriales,f__Methanobacteriaceae,g__Methanobrevibacter_A,NA
RUG345,d__Bacteria,p__Bacteroidota,c__Bacteroidia,o__Bacteroidales,f__UBA932,g__RC9,s__RC9 sp5
RUG346,d__Bacteria,p__Firmicutes,c__Bacilli,o__Bacillales,f__Bacillaceae,g__Bacillus,s__Bacillus licheniformis
RUG347,d__Bacteria,p__Proteobacteria,c__Gammaproteobacteria,o__Enterobacterales,f__Succinivibrionaceae,g__UBA2810,s__UBA2810 sp1
RUG348,d__Bacteria,p__Bacteroidota,c__Bacteroidia,o__Bacteroidales,f__P3,g__P3,NA
RUG349,d__Bacteria,p__Firmicutes_A,c__Clostridia,o__Peptostreptococcales,f__Anaerovoracaceae,g__Mogibacterium,NA
RUG350,d__Bacteria,p__Firmicutes_A,c__Clostridia,o__4C28d-15,f__UBA3700,NA,NA
RUG351,d__Bacteria,p__Firmicutes_A,c__Clostridia,o__Oscillospirales,f__DTU089,g__UBA1227,NA
RUG352,d__Bacteria,p__Bacteroidota,c__Bacteroidia,o__Bacteroidales,f__UBA932,g__RC9,NA
RUG353,d__Bacteria,p__Firmicutes_A,c__Clostridia,o__Oscillospirales,f__DTU089,g__UBA1227,NA
RUG354,d__Bacteria,p__Bacteroidota,c__Bacteroidia,o__Bacteroidales,f__Muribaculaceae,g__C941,NA
RUG355,d__Bacteria,p__Bacteroidota,c__Bacteroidia,o__Bacteroidales,f__Bacteroidaceae,g__Prevotella,NA
RUG356,d__Bacteria,p__Firmicutes_A,c__Clostridia,o__Lachnospirales,f__Lachnospiraceae,g__CAG-791,s__GCA_002372835.1
RUG357,d__Bacteria,p__Firmicutes,c__Bacilli,o__RF39,f__UBA660,g__CAG-822,NA
RUG358,d__Bacteria,p__Bacteroidota,c__Bacteroidia,o__Bacteroidales,f__F082,g__F082,NA
RUG359,d__Bacteria,p__Bacteroidota,c__Bacteroidia,o__Bacteroidales,f__P3,g__P3,s__GCA_002392445.1
RUG360,d__Bacteria,p__Bacteroidota,c__Bacteroidia,o__Bacteroidales,f__P3,g__P3,NA
RUG361,d__Bacteria,p__Firmicutes_A,c__Clostridia,o__Peptostreptococcales,f__Anaerovoracaceae,g__Eubacterium_A,NA
RUG362,d__Bacteria,p__Bacteroidota,c__Bacteroidia,o__Bacteroidales,f__Muribaculaceae,g__C941,NA
RUG363,d__Bacteria,p__Firmicutes_A,c__Clostridia,o__Christensenellales,f__CAG-74,g__GCA-900199385,NA
RUG364,d__Bacteria,p__Firmicutes_A,c__Clostridia,o__Oscillospirales,f__Ruminococcaceae,g__Ruminococcus_D,s__GCA_002351065.1
RUG365,d__Bacteria,p__Firmicutes_A,c__Clostridia,o__Oscillospirales,f__DTU089,g__Ruminococcus_E,NA
RUG366,d__Bacteria,p__Firmicutes_A,c__Clostridia,o__Oscillospirales,f__DTU089,g__Ruminococcus_E,s__GCA_002368625.1
RUG367,d__Bacteria,p__Bacteroidota,c__Bacteroidia,o__Bacteroidales,f__Bacteroidaceae,g__UBA4372,NA
RUG368,d__Bacteria,p__Firmicutes_A,c__Clostridia,o__Oscillospirales,f__DTU089,g__Ruminococcus_E,NA
RUG369,d__Bacteria,p__Planctomycetota,c__Planctomycetes,o__Pirellulales,f__Thermoguttaceae,NA,NA
RUG370,d__Bacteria,p__Firmicutes_A,c__Clostridia,o__Oscillospirales,f__DTU089,g__Ruminococcus_E,s__GCF_900100595.1
RUG371,d__Bacteria,p__Firmicutes_C,c__Negativicutes,o__Selenomonadales,f__Selenomonadaceae,g__Selenomonas_C,s__GCA_002472155.1
RUG372,d__Bacteria,p__Bacteroidota,c__Bacteroidia,o__Bacteroidales,f__Paludibacteraceae,g__RF16,NA
RUG373,d__Bacteria,p__Bacteroidota,c__Bacteroidia,o__Bacteroidales,f__Muribaculaceae,g__C941,NA
RUG374,d__Bacteria,p__Firmicutes,c__Bacilli,o__Erysipelotrichales,f__Erysipelotrichaceae,g__CAG-536,NA
RUG375,d__Bacteria,p__Firmicutes_A,c__Clostridia,o__Lachnospirales,f__Lachnospiraceae,g__CAG-791,NA
RUG376,d__Bacteria,p__Bacteroidota,c__Bacteroidia,o__Bacteroidales,f__Bacteroidaceae,g__UBA6382,NA
RUG377,d__Bacteria,p__Bacteroidota,c__Bacteroidia,o__Bacteroidales,f__P3,g__P3,NA
RUG378,d__Bacteria,p__Bacteroidota,c__Bacteroidia,o__Bacteroidales,f__Muribaculaceae,g__C941,NA
RUG379,d__Bacteria,p__Bacteroidota,c__Bacteroidia,o__Bacteroidales,f__Muribaculaceae,g__C941,NA
RUG380,d__Bacteria,p__Bacteroidota,c__Bacteroidia,o__Bacteroidales,f__WCHB1-69,g__F23-D06,s__GCA_002392905.1
RUG381,d__Bacteria,p__Firmicutes_A,c__Clostridia,o__Lachnospirales,f__Lachnospiraceae,g__Eubacterium_F,NA
RUG382,d__Bacteria,p__Bacteroidota,c__Bacteroidia,o__Bacteroidales,f__F082,g__F082,NA
RUG383,d__Bacteria,p__Bacteroidota,c__Bacteroidia,o__Bacteroidales,f__Bacteroidaceae,g__Prevotella,NA
RUG384,d__Bacteria,p__Firmicutes_C,c__Negativicutes,o__Acidaminococcales,f__Acidaminococcaceae,g__Succiniclasticum,s__Succiniclasticum ruminis
RUG385,d__Bacteria,p__Firmicutes_A,c__Clostridia,o__Oscillospirales,f__DTU089,g__Ruminococcus_E,NA
RUG386,d__Bacteria,p__Bacteroidota,c__Bacteroidia,o__Bacteroidales,f__UBA932,g__RC9,NA
RUG387,d__Bacteria,p__Bacteroidota,c__Bacteroidia,o__Bacteroidales,f__UBA932,g__RC9,NA
RUG388,d__Bacteria,p__Firmicutes,c__Bacilli,o__Erysipelotrichales,f__Erysipelotrichaceae,g__Solobacterium,NA
RUG389,d__Bacteria,p__Firmicutes_A,c__Clostridia,o__Lachnospirales,f__Lachnospiraceae,g__CAG-791,s__GCA_002372835.1
RUG390,d__Bacteria,p__Bacteroidota,c__Bacteroidia,o__Bacteroidales,f__F082,g__F082,NA
RUG391,d__Bacteria,p__Firmicutes_A,c__Clostridia,o__Lachnospirales,f__Lachnospiraceae,g__Eubacterium_H,s__GCA_002481065.1
RUG392,d__Bacteria,p__Bacteroidota,c__Bacteroidia,o__Bacteroidales,f__UBA932,g__RC9,NA
RUG393,d__Bacteria,p__Firmicutes_A,c__Clostridia,o__Oscillospirales,f__Ruminococcaceae,g__Ruminococcus_D,NA
RUG394,d__Bacteria,p__Firmicutes_A,c__Clostridia,o__Oscillospirales,f__DTU089,g__Ruminococcus_E,NA
RUG395,d__Bacteria,p__Bacteroidota,c__Bacteroidia,o__Bacteroidales,f__UBA932,g__RC9,s__UBA9735
RUG396,d__Bacteria,p__Bacteroidota,c__Bacteroidia,o__Bacteroidales,f__Muribaculaceae,g__C941,s__GCA_002353995.1
RUG397,d__Bacteria,p__Bacteroidota,c__Bacteroidia,o__Bacteroidales,f__Bacteroidaceae,g__UBA4334,NA
RUG398,d__Bacteria,p__Firmicutes_A,c__Clostridia,o__Peptostreptococcales,f__Anaerovoracaceae,g__Eubacterium_A,NA
RUG399,d__Bacteria,p__Proteobacteria,c__Gammaproteobacteria,o__Enterobacterales,f__Succinivibrionaceae,g__UBA2810,s__UBA2810 sp1
RUG400,d__Bacteria,p__Spirochaetota,c__Spirochaetia,o__Treponematales,f__Treponemataceae,g__Treponema_D,s__GCA_002350955.1
RUG401,d__Bacteria,p__Bacteroidota,c__Bacteroidia,o__Bacteroidales,f__Muribaculaceae,g__C941,NA
RUG402,d__Bacteria,p__Firmicutes_A,c__Clostridia,o__Lachnospirales,f__Lachnospiraceae,g__UBA1066,NA
RUG403,d__Bacteria,p__Bacteroidota,c__Bacteroidia,o__Bacteroidales,f__Bacteroidaceae,g__Prevotella,NA
RUG404,d__Bacteria,p__Firmicutes_A,c__Clostridia,o__Christensenellales,f__CAG-74,g__UBA2862,NA
RUG405,d__Bacteria,p__Bacteroidota,c__Bacteroidia,o__Bacteroidales,f__Bacteroidaceae,g__Prevotella,NA
RUG406,d__Bacteria,p__Bacteroidota,c__Bacteroidia,o__Bacteroidales,f__UBA932,g__RC9,NA
RUG407,d__Bacteria,p__Bacteroidota,c__Bacteroidia,o__Bacteroidales,f__F082,g__F082,NA
RUG408,d__Bacteria,p__Firmicutes_A,c__Clostridia,o__Oscillospirales,f__DTU089,g__UBA1227,NA
RUG409,d__Bacteria,p__Firmicutes_A,c__Clostridia,o__Lachnospirales,f__Lachnospiraceae,g__UBA2856,s__GCA_002350005.1
RUG410,d__Bacteria,p__Proteobacteria,c__Alphaproteobacteria,o__RF32,f__CAG-239,NA,NA
RUG411,d__Bacteria,p__Firmicutes_A,c__Clostridia,o__Lachnospirales,f__Lachnospiraceae,g__Oribacterium,s__UBA10241
RUG412,d__Bacteria,p__Bacteroidota,c__Bacteroidia,o__Bacteroidales,f__Muribaculaceae,g__C941,NA
RUG413,d__Bacteria,p__Bacteroidota,c__Bacteroidia,o__Bacteroidales,f__Bacteroidaceae,g__Prevotella,s__GCA_002342485.1
RUG414,d__Bacteria,p__Bacteroidota,c__Bacteroidia,o__Bacteroidales,f__Bacteroidaceae,g__Prevotella,NA
RUG415,d__Bacteria,p__Bacteroidota,c__Bacteroidia,o__Bacteroidales,f__UBA3663,g__UBA3663,NA
RUG416,d__Bacteria,p__Firmicutes_A,c__Clostridia,o__Christensenellales,f__CAG-138,g__UBA3792,NA
RUG417,d__Bacteria,p__Bacteroidota,c__Bacteroidia,o__Bacteroidales,f__P3,g__P3,NA
RUG418,d__Bacteria,p__Bacteroidota,c__Bacteroidia,o__Bacteroidales,f__Bacteroidaceae,g__UBA4334,s__UBA4334 sp2
RUG419,d__Bacteria,p__Bacteroidota,c__Bacteroidia,o__Bacteroidales,f__Bacteroidaceae,g__Prevotella,s__Prevotella sp8
RUG420,d__Bacteria,p__Firmicutes_A,c__Clostridia,o__Oscillospirales,f__DTU089,g__UBA1227,NA
RUG421,d__Bacteria,p__Bacteroidota,c__Bacteroidia,o__Bacteroidales,f__UBA932,g__RC9,s__RC9 sp6
RUG422,d__Bacteria,p__Actinobacteriota,c__Actinobacteria,o__Streptosporangiales,f__Streptosporangiaceae,g__Thermobifida,s__Thermobifida fusca
RUG423,d__Bacteria,p__Bacteroidota,c__Bacteroidia,o__Bacteroidales,f__Bacteroidaceae,g__Prevotella,s__Prevotella sp5
RUG424,d__Bacteria,p__Bacteroidota,c__Bacteroidia,o__Bacteroidales,f__Bacteroidaceae,g__Prevotella,NA
RUG425,d__Bacteria,p__Firmicutes_A,c__Clostridia,o__Oscillospirales,f__Ruminococcaceae,g__Ruminococcus,NA
RUG426,d__Bacteria,p__Firmicutes_A,c__Clostridia,o__Oscillospirales,f__DTU089,g__Ruminococcus_E,NA
RUG427,d__Bacteria,p__Firmicutes_A,c__Clostridia,o__Lachnospirales,f__Lachnospiraceae,g__Eubacterium_H,NA
RUG428,d__Bacteria,p__Firmicutes_A,c__Clostridia,o__Saccharofermentanales,f__Saccharofermentanaceae,g__Saccharofermentans,NA
RUG429,d__Bacteria,p__Bacteroidota,c__Bacteroidia,o__Bacteroidales,f__P3,g__P3,NA
RUG430,d__Bacteria,p__Bacteroidota,c__Bacteroidia,o__Bacteroidales,f__Bacteroidaceae,g__Prevotella,s__GCA_002353675.1
RUG431,d__Bacteria,p__Bacteroidota,c__Bacteroidia,o__Bacteroidales,f__Bacteroidaceae,g__Prevotella,s__GCA_002342595.1
RUG432,d__Bacteria,p__Firmicutes_A,c__Clostridia,o__Christensenellales,f__CAG-138,g__UBA3792,NA
RUG433,d__Bacteria,p__Firmicutes_A,c__Clostridia,o__Lachnospirales,f__Lachnospiraceae,g__CAG-791,s__CAG-791 sp2
RUG434,d__Bacteria,p__Bacteroidota,c__Bacteroidia,o__Bacteroidales,f__Muribaculaceae,g__C941,s__C941 sp2
RUG435,d__Bacteria,p__Bacteroidota,c__Bacteroidia,o__Bacteroidales,f__Bacteroidaceae,g__Prevotella,NA
RUG436,d__Bacteria,p__Bacteroidota,c__Bacteroidia,o__Bacteroidales,f__UBA932,g__RC9,s__GCA_002350585.1
RUG437,d__Bacteria,p__Bacteroidota,c__Bacteroidia,o__Bacteroidales,f__Paludibacteraceae,g__RF16,s__GCA_002372355.1
RUG438,d__Bacteria,p__Fibrobacterota,c__Fibrobacteria,o__Fibrobacterales,f__Fibrobacteraceae,g__Fibrobacter,NA
RUG439,d__Bacteria,p__Firmicutes_A,c__Clostridia,o__Oscillospirales,f__Oscillospiraceae,g__ER4,s__GCA_000433195.1
RUG440,d__Bacteria,p__Actinobacteriota,c__Coriobacteriia,o__Coriobacteriales,f__Atopobiaceae,NA,NA
RUG441,d__Bacteria,p__Firmicutes_A,c__Clostridia,o__Lachnospirales,f__Lachnospiraceae,g__Eubacterium_F,NA
RUG442,d__Bacteria,p__Bacteroidota,c__Bacteroidia,o__Bacteroidales,f__P3,g__P3,s__GCA_002350995.1
RUG443,d__Bacteria,p__Bacteroidota,c__Bacteroidia,o__Bacteroidales,f__Bacteroidaceae,g__Prevotella,NA
RUG444,d__Bacteria,p__Firmicutes_A,c__Clostridia,o__Oscillospirales,f__DTU089,g__UBA1227,NA
RUG445,d__Bacteria,p__Bacteroidota,c__Bacteroidia,o__Bacteroidales,f__Bacteroidaceae,g__Prevotella,s__GCA_002342595.1
RUG446,d__Bacteria,p__Bacteroidota,c__Bacteroidia,o__Bacteroidales,f__Bacteroidaceae,g__Prevotella,NA
RUG447,d__Bacteria,p__Firmicutes_A,c__Clostridia,o__Oscillospirales,f__DTU089,g__Ruminococcus_E,NA
RUG448,d__Bacteria,p__Firmicutes,c__Bacilli,o__Izimaplasmatales,f__UBA1188,g__UBA1188,NA
RUG449,d__Bacteria,p__Firmicutes_A,c__Clostridia,o__Oscillospirales,f__DTU089,g__Ruminococcus_E,s__GCF_900100595.1
RUG450,d__Bacteria,p__Bacteroidota,c__Bacteroidia,o__Bacteroidales,f__Bacteroidaceae,g__UBA1179,NA
RUG451,d__Bacteria,p__Bacteroidota,c__Bacteroidia,o__Bacteroidales,f__Bacteroidaceae,g__Prevotella,NA
RUG452,d__Bacteria,p__Firmicutes_A,c__Clostridia,o__Christensenellales,f__CAG-138,g__UBA2843,s__GCA_002350935.1
RUG453,d__Bacteria,p__Firmicutes_A,c__Clostridia,o__Oscillospirales,f__Oscillospiraceae,g__ER4,s__GCA_000433195.1
RUG454,d__Bacteria,p__Bacteroidota,c__Bacteroidia,o__Bacteroidales,f__Paludibacteraceae,g__RF16,NA
RUG455,d__Bacteria,p__Bacteroidota,c__Bacteroidia,o__Bacteroidales,f__Paludibacteraceae,g__RF16,NA
RUG456,d__Bacteria,p__Bacteroidota,c__Bacteroidia,o__Bacteroidales,f__Paludibacteraceae,g__RF16,NA
RUG457,d__Bacteria,p__Bacteroidota,c__Bacteroidia,o__Bacteroidales,f__Bacteroidaceae,g__Prevotella,s__Prevotella sp13
RUG458,d__Bacteria,p__Firmicutes_A,c__Clostridia,o__Lachnospirales,f__Lachnospiraceae,g__UBA2856,s__GCA_002391125.1
RUG459,d__Bacteria,p__Bacteroidota,c__Bacteroidia,o__Bacteroidales,f__Bacteroidaceae,g__Prevotella,s__Prevotella copri
RUG460,d__Bacteria,p__Firmicutes_A,c__Clostridia,o__Oscillospirales,f__Ruminococcaceae,g__Ruminococcus_D,s__GCA_002351065.1
RUG461,d__Bacteria,p__Bacteroidota,c__Bacteroidia,o__Bacteroidales,f__Bacteroidaceae,g__Prevotella,s__GCA_002342595.1
RUG462,d__Bacteria,p__Bacteroidota,c__Bacteroidia,o__Bacteroidales,f__Muribaculaceae,g__C941,NA
RUG463,d__Bacteria,p__Firmicutes_A,c__Clostridia,o__Christensenellales,f__CAG-138,g__UBA2843,s__GCA_002350935.1
RUG464,d__Bacteria,p__Firmicutes_A,c__Clostridia,o__Oscillospirales,f__DTU089,g__Ruminococcus_E,s__GCA_002350785.1
RUG465,d__Bacteria,p__Bacteroidota,c__Bacteroidia,o__Bacteroidales,f__UBA3663,g__UBA3663,NA
RUG466,d__Bacteria,p__Firmicutes_A,c__Clostridia,o__Oscillospirales,f__DTU089,g__UBA1227,s__UBA1227 sp1
RUG467,d__Bacteria,p__Firmicutes_A,c__Clostridia,o__Oscillospirales,f__Oscillospiraceae,g__F23-B02,s__GCA_002369115.1
RUG468,d__Bacteria,p__Firmicutes_A,c__Clostridia,o__Oscillospirales,f__DTU089,g__Ruminococcus_E,NA
RUG469,d__Bacteria,p__Bacteroidota,c__Bacteroidia,o__Bacteroidales,f__F082,g__F082,NA
RUG470,d__Bacteria,p__Bacteroidota,c__Bacteroidia,o__Bacteroidales,f__UBA932,g__RC9,NA
RUG471,d__Bacteria,p__Firmicutes_A,c__Clostridia,o__Oscillospirales,f__Ruminococcaceae,g__Ruminococcus,NA
RUG472,d__Bacteria,p__Firmicutes_A,c__Clostridia,o__Christensenellales,f__CAG-138,g__UBA2843,s__GCA_002350935.1
RUG473,d__Bacteria,p__Bacteroidota,c__Bacteroidia,o__Bacteroidales,f__Bacteroidaceae,g__Prevotella,NA
RUG474,d__Bacteria,p__Bacteroidota,c__Bacteroidia,o__Bacteroidales,f__Bacteroidaceae,g__Prevotella,s__GCA_002342485.1
RUG475,d__Bacteria,p__Firmicutes_A,c__Clostridia,o__Oscillospirales,f__DTU089,g__UBA1213,NA
RUG476,d__Bacteria,p__Bacteroidota,c__Bacteroidia,o__Bacteroidales,f__Bacteroidaceae,g__UBA1179,NA
RUG477,d__Bacteria,p__Firmicutes_A,c__Clostridia,o__Lachnospirales,f__Lachnospiraceae,g__CAG-791,NA
RUG478,d__Bacteria,p__Bacteroidota,c__Bacteroidia,o__Bacteroidales,f__UBA932,g__RC9,NA
RUG479,d__Bacteria,p__Bacteroidota,c__Bacteroidia,o__Bacteroidales,f__Paludibacteraceae,NA,NA
RUG480,d__Bacteria,p__Firmicutes_A,c__Clostridia,o__Oscillospirales,f__Ruminococcaceae,g__UBA3855,NA
RUG481,d__Bacteria,p__Bacteroidota,c__Bacteroidia,o__Bacteroidales,f__UBA932,g__RC9,NA
RUG482,d__Bacteria,p__Bacteroidota,c__Bacteroidia,o__Bacteroidales,f__Muribaculaceae,g__C941,NA
RUG483,d__Bacteria,p__Bacteroidota,c__Bacteroidia,o__Bacteroidales,f__Bacteroidaceae,g__UBA3839,NA
RUG484,d__Bacteria,p__Firmicutes_A,c__Clostridia,o__Lachnospirales,f__Lachnospiraceae,g__Eubacterium_H,NA
RUG485,d__Bacteria,p__Bacteroidota,c__Bacteroidia,o__Bacteroidales,f__Muribaculaceae,g__C941,s__C941 sp1
RUG486,d__Bacteria,p__Elusimicrobiota,c__Elusimicrobia,o__Elusimicrobiales,f__Elusimicrobiaceae,g__UBA1436,NA
RUG487,d__Bacteria,p__Bacteroidota,c__Bacteroidia,o__Bacteroidales,f__UBA932,g__RC9,NA
RUG488,d__Bacteria,p__Bacteroidota,c__Bacteroidia,o__Bacteroidales,f__Bacteroidaceae,g__Prevotella,NA
RUG489,d__Bacteria,p__Bacteroidota,c__Bacteroidia,o__Bacteroidales,f__UBA932,g__RC9,NA
RUG490,d__Bacteria,p__Bacteroidota,c__Bacteroidia,o__Bacteroidales,f__Muribaculaceae,g__C941,NA
RUG491,d__Bacteria,p__Firmicutes_A,c__Clostridia,o__Oscillospirales,f__DTU089,g__CAG-177,NA
RUG492,d__Archaea,p__Euryarchaeota,c__Methanobacteria,o__Methanobacteriales,f__Methanobacteriaceae,g__Methanobrevibacter_A,NA
RUG493,d__Bacteria,p__Cyanobacteriota,c__Vampirovibrionia,o__Gastranaerophilales,f__Gastranaerophilaceae,g__UBA2813,s__UBA2813 sp1
RUG494,d__Bacteria,p__Bacteroidota,c__Bacteroidia,o__Bacteroidales,f__Muribaculaceae,g__C941,s__GCA_002353995.1
RUG495,d__Bacteria,p__Firmicutes_A,c__Clostridia,o__Lachnospirales,f__Lachnospiraceae,g__CAG-127,s__CAG-127 sp2
RUG496,d__Bacteria,p__Bacteroidota,c__Bacteroidia,o__Bacteroidales,f__Muribaculaceae,g__C941,NA
RUG497,d__Bacteria,p__Bacteroidota,c__Bacteroidia,o__Bacteroidales,f__Muribaculaceae,g__C941,NA
RUG498,d__Bacteria,p__Firmicutes_A,c__Clostridia,o__Oscillospirales,f__Oscillospiraceae,g__F23-B02,NA
RUG499,d__Bacteria,p__Firmicutes_C,c__Negativicutes,o__Selenomonadales,f__Selenomonadaceae,g__Schwartzia,NA
RUG500,d__Bacteria,p__Bacteroidota,c__Bacteroidia,o__Bacteroidales,f__Bacteroidaceae,g__UBA3839,NA
RUG501,d__Bacteria,p__Bacteroidota,c__Bacteroidia,o__Bacteroidales,f__P3,g__Phil12,NA
RUG502,d__Bacteria,p__Firmicutes_A,c__Clostridia,o__Oscillospirales,f__Oscillospiraceae,g__F23-B02,NA
RUG503,d__Bacteria,p__Firmicutes,c__Bacilli,o__Erysipelotrichales,f__Erysipelotrichaceae,g__Solobacterium,NA
RUG504,d__Bacteria,p__Bacteroidota,c__Bacteroidia,o__Bacteroidales,f__Bacteroidaceae,g__Prevotella,NA
RUG505,d__Bacteria,p__Bacteroidota,c__Bacteroidia,o__Bacteroidales,f__Paludibacteraceae,g__RF16,NA
RUG506,d__Bacteria,p__Bacteroidota,c__Bacteroidia,o__Bacteroidales,f__Muribaculaceae,g__C941,NA
RUG507,d__Bacteria,p__Bacteroidota,c__Bacteroidia,o__Bacteroidales,f__Muribaculaceae,g__C941,NA
RUG508,d__Bacteria,p__Firmicutes_A,c__Clostridia,o__Lachnospirales,f__Lachnospiraceae,g__UBA1201,NA
RUG509,d__Bacteria,p__Firmicutes_A,c__Clostridia,o__Oscillospirales,f__DTU089,g__Ruminococcus_E,NA
RUG510,d__Bacteria,p__Bacteroidota,c__Bacteroidia,o__Bacteroidales,f__UBA932,g__RC9,NA
RUG511,d__Bacteria,p__Firmicutes_A,c__Clostridia,o__Oscillospirales,f__Oscillospiraceae,g__F23-B02,NA
RUG512,d__Bacteria,p__Firmicutes_A,c__Clostridia,o__Lachnospirales,f__Lachnospiraceae,g__CAG-791,s__GCA_002372835.1
RUG513,d__Bacteria,p__Firmicutes,c__Bacilli,o__Lactobacillales,f__Streptococcaceae,g__Streptococcus,s__Streptococcus equinus
RUG514,d__Bacteria,p__Desulfobacterota,c__Desulfovibrionia,o__Desulfovibrionales,f__Desulfovibrionaceae,g__Desulfovibrio,s__UBA10261
RUG515,d__Bacteria,p__Bacteroidota,c__Bacteroidia,o__Bacteroidales,f__Bacteroidaceae,g__Prevotella,NA
RUG516,d__Bacteria,p__Firmicutes_A,c__Clostridia,o__Oscillospirales,f__DTU089,g__Ruminococcus_E,NA
RUG517,d__Bacteria,p__Spirochaetota,c__Spirochaetia,o__Treponematales,f__Treponemataceae,g__Treponema_D,NA
RUG518,d__Bacteria,p__Firmicutes_A,c__Clostridia,o__Oscillospirales,f__Oscillospiraceae,g__F23-B02,NA
RUG519,d__Bacteria,p__Bacteroidota,c__Bacteroidia,o__Bacteroidales,f__Muribaculaceae,g__C941,NA
RUG520,d__Bacteria,p__Proteobacteria,c__Gammaproteobacteria,o__Enterobacterales,f__Succinivibrionaceae,g__UBA2804,s__UBA2804 sp1
RUG521,d__Bacteria,p__Firmicutes,c__Bacilli,o__Erysipelotrichales,f__Erysipelotrichaceae,g__UBA1783,NA
RUG522,d__Bacteria,p__Firmicutes_A,c__Clostridia,o__Oscillospirales,f__DTU089,g__Ruminococcus_E,s__GCA_002368625.1
RUG523,d__Bacteria,p__Bacteroidota,c__Bacteroidia,o__Bacteroidales,f__UBA932,g__RC9,s__RC9 sp6
RUG524,d__Bacteria,p__Firmicutes_A,c__Clostridia,o__Peptostreptococcales,f__Anaerovoracaceae,g__Eubacterium_A,s__Eubacterium_A pyruvativorans
RUG525,d__Bacteria,p__Firmicutes_A,c__Clostridia,o__Saccharofermentanales,f__Saccharofermentanaceae,g__Saccharofermentans,s__GCF_900111435.1
RUG526,d__Archaea,p__Euryarchaeota,c__Methanobacteria,o__Methanobacteriales,f__Methanobacteriaceae,g__Methanobrevibacter_A,s__GCA_002509015.1
RUG527,d__Bacteria,p__Firmicutes_A,c__Clostridia,o__Oscillospirales,f__DTU089,g__Ruminococcus_E,s__GCA_002368625.1
RUG528,d__Bacteria,p__Bacteroidota,c__Bacteroidia,o__Bacteroidales,f__UBA932,g__RC9,NA
RUG529,d__Bacteria,p__Firmicutes_A,c__Clostridia,o__Oscillospirales,f__Oscillospiraceae,g__F23-B02,NA
RUG530,d__Bacteria,p__Firmicutes,c__Bacilli,o__RF39,f__UBA660,g__UBA2730,NA
RUG531,d__Bacteria,p__Firmicutes_A,c__Clostridia,o__Lachnospirales,f__Lachnospiraceae,g__UBA2856,s__GCA_002391125.1
RUG532,d__Bacteria,p__Bacteroidota,c__Bacteroidia,o__Bacteroidales,f__Muribaculaceae,g__C941,NA
RUG533,d__Bacteria,p__Bacteroidota,c__Bacteroidia,o__Bacteroidales,f__Bacteroidaceae,g__Prevotella,NA
RUG534,d__Bacteria,p__Firmicutes_A,c__Clostridia,o__Lachnospirales,f__Lachnospiraceae,g__UBA1066,NA
RUG535,d__Bacteria,p__Bacteroidota,c__Bacteroidia,o__Bacteroidales,f__Bacteroidaceae,g__Prevotella,NA
RUG536,d__Bacteria,p__Bacteroidota,c__Bacteroidia,o__Bacteroidales,f__Bacteroidaceae,g__Prevotella,NA
RUG537,d__Bacteria,p__Campylobacterota,c__Campylobacteria,o__Campylobacterales,f__Campylobacteraceae,g__Campylobacter_C,NA
RUG538,d__Bacteria,p__Bacteroidota,c__Bacteroidia,o__Bacteroidales,f__WCHB1-69,g__F23-D06,NA
RUG539,d__Bacteria,p__Bacteroidota,c__Bacteroidia,o__Bacteroidales,f__P3,g__P3,s__GCA_002392445.1
RUG540,d__Bacteria,p__Elusimicrobiota,c__Elusimicrobia,o__Elusimicrobiales,f__Elusimicrobiaceae,g__UBA1436,s__GCA_002349385.1
RUG541,d__Bacteria,p__Bacteroidota,c__Bacteroidia,o__Bacteroidales,f__Bacteroidaceae,g__Prevotella,s__GCA_002350275.1
RUG542,d__Bacteria,p__Firmicutes_A,c__Clostridia,o__Oscillospirales,f__Oscillospiraceae,g__F23-B02,NA
RUG543,d__Bacteria,p__Firmicutes_A,c__Clostridia,o__Oscillospirales,f__DTU089,g__Ruminococcus_E,NA
RUG544,d__Bacteria,p__Bacteroidota,c__Bacteroidia,o__Bacteroidales,f__UBA932,g__RC9,NA
RUG545,d__Archaea,p__Euryarchaeota,c__Methanobacteria,o__Methanobacteriales,f__Methanobacteriaceae,g__Methanobrevibacter_A,NA
RUG546,d__Bacteria,p__Bacteroidota,c__Bacteroidia,o__Bacteroidales,f__Bacteroidaceae,g__Prevotella,s__GCA_002395365.1
RUG547,d__Bacteria,p__Firmicutes_A,c__Clostridia,o__4C28d-15,f__CAG-727,g__UBA1259,NA
RUG548,d__Bacteria,p__Bacteroidota,c__Bacteroidia,o__Bacteroidales,f__Muribaculaceae,g__C941,s__C941 sp1
RUG549,d__Bacteria,p__Bacteroidota,c__Bacteroidia,o__Bacteroidales,f__Muribaculaceae,g__C941,NA
RUG550,d__Bacteria,p__Bacteroidota,c__Bacteroidia,o__Bacteroidales,f__Bacteroidaceae,g__Prevotella,NA
RUG551,d__Bacteria,p__Firmicutes,c__Bacilli,o__RFN20,f__CAG-826,g__UBA733,s__GCA_002308535.1
RUG552,d__Bacteria,p__Bacteroidota,c__Bacteroidia,o__Bacteroidales,f__Paludibacteraceae,g__RF16,NA
RUG553,d__Bacteria,p__Bacteroidota,c__Bacteroidia,o__Bacteroidales,f__UBA932,g__RC9,NA
RUG554,d__Bacteria,p__Firmicutes_A,c__Clostridia,o__Lachnospirales,f__Lachnospiraceae,g__CAG-791,s__CAG-791 sp5
RUG555,d__Bacteria,p__Verrucomicrobiota,c__Lentisphaeria,o__UBA1784,f__UBA1829,g__UBA1732,NA
RUG556,d__Bacteria,p__Firmicutes_C,c__Negativicutes,o__Acidaminococcales,f__Acidaminococcaceae,g__Succiniclasticum,s__Succiniclasticum ruminis
RUG557,d__Bacteria,p__Firmicutes_A,c__Clostridia,o__Lachnospirales,f__Lachnospiraceae,g__CAG-791,NA
RUG558,d__Bacteria,p__Bacteroidota,c__Bacteroidia,o__Bacteroidales,f__Muribaculaceae,g__C941,NA
RUG559,d__Bacteria,p__Bacteroidota,c__Bacteroidia,o__Bacteroidales,f__Muribaculaceae,g__C941,NA
RUG560,d__Bacteria,p__Proteobacteria,c__Alphaproteobacteria,o__RF32,f__CAG-239,g__UBA2931,NA
RUG561,d__Bacteria,p__Firmicutes_A,c__Clostridia,o__Lachnospirales,f__Lachnospiraceae,g__CAG-791,NA
RUG562,d__Bacteria,p__Bacteroidota,c__Bacteroidia,o__Bacteroidales,f__Bacteroidaceae,g__Prevotella,s__GCA_002342485.1
RUG563,d__Bacteria,p__Firmicutes_A,c__Clostridia,o__Christensenellales,f__CAG-74,NA,NA
RUG564,d__Bacteria,p__Bacteroidota,c__Bacteroidia,o__Bacteroidales,f__UBA932,g__RC9,NA
RUG565,d__Bacteria,p__Firmicutes_A,c__Clostridia,o__Lachnospirales,f__Lachnospiraceae,g__Eubacterium_H,NA
RUG566,d__Bacteria,p__Firmicutes_A,c__Clostridia,o__Oscillospirales,f__DTU089,g__Ruminococcus_E,s__GCA_002350785.1
RUG567,d__Bacteria,p__Firmicutes_A,c__Clostridia,o__Oscillospirales,f__DTU089,g__UBA1227,s__UBA1227 sp1
RUG568,d__Bacteria,p__Bacteroidota,c__Bacteroidia,o__Bacteroidales,f__UBA932,g__RC9,NA
RUG569,d__Bacteria,p__Bacteroidota,c__Bacteroidia,o__Bacteroidales,f__Bacteroidaceae,g__UBA4372,s__GCA_002353385.1
RUG570,d__Bacteria,p__Spirochaetota,c__Spirochaetia,o__Treponematales,f__Treponemataceae,g__Treponema_D,s__GCA_002350955.1
RUG571,d__Bacteria,p__Bacteroidota,c__Bacteroidia,o__Bacteroidales,f__Bacteroidaceae,g__Prevotella,s__GCA_002396305.1
RUG572,d__Bacteria,p__Verrucomicrobiota,c__Kiritimatiellae,o__RFP12,f__UBA1067,g__UBA3624,NA
RUG573,d__Bacteria,p__Firmicutes_A,c__Clostridia,o__Oscillospirales,f__DTU089,g__UBA1213,NA
RUG574,d__Bacteria,p__Proteobacteria,c__Gammaproteobacteria,o__Enterobacterales,f__Succinivibrionaceae,g__Ruminobacter,s__Ruminobacter amylophilus
RUG575,d__Bacteria,p__Bacteroidota,c__Bacteroidia,o__Bacteroidales,f__Muribaculaceae,g__C941,NA
RUG576,d__Bacteria,p__Firmicutes_A,c__Clostridia,o__Peptostreptococcales,f__Anaerovoracaceae,g__Mogibacterium,NA
RUG577,d__Bacteria,p__Bacteroidota,c__Bacteroidia,o__Bacteroidales,f__Bacteroidaceae,g__Prevotella,NA
RUG578,d__Bacteria,p__Firmicutes_A,c__Clostridia,o__Lachnospirales,f__Lachnospiraceae,g__CAG-791,NA
RUG579,d__Bacteria,p__Bacteroidota,c__Bacteroidia,o__Bacteroidales,f__UBA932,g__RC9,NA
RUG580,d__Bacteria,p__Firmicutes_A,c__Clostridia,o__Oscillospirales,f__Oscillospiraceae,g__F23-B02,NA
RUG581,d__Bacteria,p__Firmicutes_A,c__Clostridia,o__Oscillospirales,f__DTU089,g__Ruminococcus_E,NA
RUG582,d__Bacteria,p__Bacteroidota,c__Bacteroidia,o__Bacteroidales,f__Bacteroidaceae,g__Prevotella,s__GCA_002342485.1
RUG583,d__Bacteria,p__Bacteroidota,c__Bacteroidia,o__Bacteroidales,f__UBA932,g__RC9,NA
RUG584,d__Bacteria,p__Firmicutes_A,c__Clostridia,o__Lachnospirales,f__Lachnospiraceae,g__UBA2868,NA
RUG585,d__Bacteria,p__Proteobacteria,c__Alphaproteobacteria,o__RF32,f__Rs-D84,g__Rs-D84,NA
RUG586,d__Bacteria,p__Bacteroidota,c__Bacteroidia,o__Bacteroidales,f__Bacteroidaceae,g__UBA4334,NA
RUG587,d__Bacteria,p__Bacteroidota,c__Bacteroidia,o__Bacteroidales,f__F082,g__F082,NA
RUG588,d__Bacteria,p__Firmicutes_A,c__Clostridia,o__Lachnospirales,f__Lachnospiraceae,g__CAG-791,NA
RUG589,d__Bacteria,p__Bacteroidota,c__Bacteroidia,o__Bacteroidales,f__Bacteroidaceae,g__Prevotella,s__Prevotella sp27
RUG590,d__Bacteria,p__Bacteroidota,c__Bacteroidia,o__Bacteroidales,f__UBA932,g__RC9,NA
RUG591,d__Bacteria,p__Firmicutes,c__Bacilli,o__RF39,f__UBA660,NA,NA
RUG592,d__Bacteria,p__Firmicutes_A,c__Clostridia,o__Oscillospirales,f__DTU089,NA,NA
RUG593,d__Archaea,p__Euryarchaeota,c__Methanobacteria,o__Methanobacteriales,f__Methanobacteriaceae,g__Methanobrevibacter_A,s__GCA_002498445.1
RUG594,d__Bacteria,p__Firmicutes,c__Bacilli,o__RF39,f__UBA660,g__UBA2730,s__GCA_002355235.1
RUG595,d__Bacteria,p__Firmicutes_A,c__Clostridia,o__Lachnospirales,f__Lachnospiraceae,g__CAG-791,s__GCA_002372835.1
RUG596,d__Bacteria,p__Firmicutes_A,c__Clostridia,o__Lachnospirales,f__Lachnospiraceae,g__CAG-65,NA
RUG597,d__Bacteria,p__Firmicutes,c__Bacilli,o__Erysipelotrichales,f__Erysipelotrichaceae,g__Solobacterium,s__UBA9766
RUG598,d__Bacteria,p__Bacteroidota,c__Bacteroidia,o__Bacteroidales,f__Bacteroidaceae,g__UBA4372,NA
RUG599,d__Bacteria,p__Bacteroidota,c__Bacteroidia,o__Bacteroidales,f__Bacteroidaceae,g__Prevotella,NA
RUG600,d__Bacteria,p__Bacteroidota,c__Bacteroidia,o__Bacteroidales,f__Paludibacteraceae,g__RF16,s__GCA_002372425.1
RUG601,d__Bacteria,p__Firmicutes_A,c__Clostridia,o__Oscillospirales,f__Oscillospiraceae,g__F23-B02,NA
RUG602,d__Bacteria,p__Bacteroidota,c__Bacteroidia,o__Bacteroidales,f__Bacteroidaceae,g__Prevotella,NA
RUG603,d__Bacteria,p__Bacteroidota,c__Bacteroidia,o__Bacteroidales,f__UBA932,g__RC9,NA
RUG604,d__Bacteria,p__Firmicutes_A,c__Clostridia,o__Oscillospirales,f__Ruminococcaceae,g__Ruminococcus_D,s__GCA_002351065.1
RUG605,d__Bacteria,p__Firmicutes_A,c__Clostridia,o__Oscillospirales,f__DTU089,g__Ruminococcus_E,s__GCF_900100595.1
RUG606,d__Bacteria,p__Bacteroidota,c__Bacteroidia,o__Bacteroidales,f__Bacteroidaceae,g__UBA4372,s__GCA_002353385.1
RUG607,d__Bacteria,p__Firmicutes_A,c__Clostridia,o__Lachnospirales,f__Lachnospiraceae,g__Eubacterium_H,s__Eubacterium_H sp2
RUG608,d__Bacteria,p__Firmicutes_A,c__Clostridia,o__Oscillospirales,f__Oscillospiraceae,g__F23-B02,NA
RUG609,d__Bacteria,p__Firmicutes_A,c__Clostridia,o__Lachnospirales,f__Lachnospiraceae,g__UBA1066,NA
RUG610,d__Bacteria,p__Firmicutes,c__Bacilli,o__RFN20,f__CAG-826,g__UBA4951,s__GCA_002395465.1
RUG611,d__Bacteria,p__Firmicutes_A,c__Clostridia,o__Lachnospirales,f__Lachnospiraceae,g__UBA1066,NA
RUG612,d__Bacteria,p__Firmicutes_A,c__Clostridia,o__Oscillospirales,f__DTU089,NA,NA
RUG613,d__Bacteria,p__Firmicutes_A,c__Clostridia,o__Lachnospirales,f__Lachnospiraceae,g__CAG-791,s__CAG-791 sp5
RUG614,d__Bacteria,p__Bacteroidota,c__Bacteroidia,o__Bacteroidales,f__Bacteroidaceae,g__UBA4372,NA
RUG615,d__Bacteria,p__Bacteroidota,c__Bacteroidia,o__Bacteroidales,f__UBA932,g__RC9,NA
RUG616,d__Bacteria,p__Firmicutes_A,c__Clostridia,o__Peptostreptococcales,f__Anaerovoracaceae,g__Eubacterium_B,NA
RUG617,d__Bacteria,p__Firmicutes_A,c__Clostridia,o__Lachnospirales,f__Lachnospiraceae,g__CAG-791,NA
RUG618,d__Bacteria,p__Firmicutes_C,c__Negativicutes,o__Veillonellales,f__Megasphaeraceae,g__Caecibacter,s__Caecibacter massiliensis
RUG619,d__Bacteria,p__Bacteroidota,c__Bacteroidia,o__Bacteroidales,f__UBA932,g__RC9,NA
RUG620,d__Bacteria,p__Bacteroidota,c__Bacteroidia,o__Bacteroidales,f__Bacteroidaceae,g__UBA4334,NA
RUG621,d__Bacteria,p__Cyanobacteriota,c__Vampirovibrionia,o__Gastranaerophilales,f__Gastranaerophilaceae,g__UBA1221,s__GCA_002352745.1
RUG622,d__Bacteria,p__Bacteroidota,c__Bacteroidia,o__Bacteroidales,f__Paludibacteraceae,g__RF16,s__GCA_002372425.1
RUG623,d__Bacteria,p__Firmicutes_A,c__Clostridia,o__Oscillospirales,f__Oscillospiraceae,g__F23-B02,NA
RUG624,d__Bacteria,p__Bacteroidota,c__Bacteroidia,o__Bacteroidales,f__Bacteroidaceae,NA,NA
RUG625,d__Bacteria,p__Bacteroidota,c__Bacteroidia,o__Bacteroidales,f__UBA932,g__RC9,s__RC9 sp5
RUG626,d__Bacteria,p__Firmicutes_A,c__Clostridia,o__Oscillospirales,f__Oscillospiraceae,NA,NA
RUG627,d__Bacteria,p__Firmicutes_A,c__Clostridia,o__Christensenellales,f__CAG-74,g__GCA-900199385,NA
RUG628,d__Bacteria,p__Firmicutes_C,c__Negativicutes,o__Selenomonadales,f__Selenomonadaceae,g__Selenomonas_C,s__Selenomonas_C bovis
RUG629,d__Bacteria,p__Bacteroidota,c__Bacteroidia,o__Bacteroidales,f__UBA932,g__RC9,NA
RUG630,d__Bacteria,p__Firmicutes,c__Bacilli,o__RF39,f__UBA660,g__CAG-433,NA
RUG631,d__Bacteria,p__Bacteroidota,c__Bacteroidia,o__Bacteroidales,f__Paludibacteraceae,g__RF16,s__GCA_002361565.1
RUG632,d__Bacteria,p__Verrucomicrobiota,c__Kiritimatiellae,o__RFP12,f__UBA1067,g__UBA1067,NA
RUG633,d__Bacteria,p__Firmicutes_A,c__Clostridia,o__Oscillospirales,f__DTU089,g__UBA1213,NA
RUG634,d__Bacteria,p__Bacteroidota,c__Bacteroidia,o__Bacteroidales,f__UBA932,g__RC9,NA
RUG635,d__Bacteria,p__Firmicutes_A,c__Clostridia,o__Lachnospirales,f__Lachnospiraceae,g__Eubacterium_H,NA
RUG636,d__Bacteria,p__Proteobacteria,c__Gammaproteobacteria,o__Betaproteobacteriales,f__Burkholderiaceae,g__Ottowia,NA
RUG637,d__Bacteria,p__Firmicutes_A,c__Clostridia,o__Oscillospirales,f__DTU089,g__Ruminococcus_E,NA
RUG638,d__Bacteria,p__Firmicutes_A,c__Clostridia,o__Lachnospirales,f__Lachnospiraceae,g__AC2028,NA
RUG639,d__Bacteria,p__Bacteroidota,c__Bacteroidia,o__Bacteroidales,f__Muribaculaceae,g__C941,NA
RUG640,d__Bacteria,p__Firmicutes_A,c__Clostridia,o__Oscillospirales,f__Ruminococcaceae,g__Ruminococcus,s__Ruminococcus flavefaciens_B
RUG641,d__Bacteria,p__Firmicutes_A,c__Clostridia,o__Oscillospirales,f__DTU089,g__Ruminococcus_E,NA
RUG642,d__Bacteria,p__Firmicutes_A,c__Clostridia,o__Oscillospirales,f__DTU089,g__UBA1227,NA
RUG643,d__Bacteria,p__Firmicutes_C,c__Negativicutes,o__Selenomonadales,f__Selenomonadaceae,g__Schwartzia,NA
RUG644,d__Bacteria,p__Bacteroidota,c__Bacteroidia,o__Bacteroidales,f__Paludibacteraceae,g__RF16,NA
RUG645,d__Bacteria,p__Bacteroidota,c__Bacteroidia,o__Bacteroidales,f__UBA932,g__RC9,NA
RUG646,d__Bacteria,p__Firmicutes_A,c__Clostridia,o__Lachnospirales,f__Lachnospiraceae,g__UBA1066,s__GCA_002448255.1
RUG647,d__Bacteria,p__Bacteroidota,c__Bacteroidia,o__Bacteroidales,f__Bacteroidaceae,g__Prevotella,NA
RUG648,d__Archaea,p__Euryarchaeota,c__Methanobacteria,o__Methanobacteriales,f__Methanobacteriaceae,g__Methanobrevibacter_A,NA
RUG649,d__Bacteria,p__Bacteroidota,c__Bacteroidia,o__Bacteroidales,f__P3,g__P3,NA
RUG650,d__Bacteria,p__Firmicutes_A,c__Clostridia,o__Oscillospirales,f__DTU089,g__UBA1227,NA
RUG651,d__Bacteria,p__Firmicutes_A,c__Clostridia,o__Oscillospirales,f__DTU089,g__Ruminococcus_E,s__GCA_002350785.1
RUG652,d__Bacteria,p__Firmicutes_A,c__Clostridia,o__Oscillospirales,f__DTU089,g__UBA1227,NA
RUG653,d__Bacteria,p__Proteobacteria,c__Alphaproteobacteria,o__RF32,f__Rs-D84,g__Rs-D84,NA
RUG654,d__Bacteria,p__Actinobacteriota,c__Coriobacteriia,o__Coriobacteriales,f__Atopobiaceae,g__Olsenella,NA
RUG655,d__Bacteria,p__Firmicutes_A,c__Clostridia,o__Lachnospirales,f__Lachnospiraceae,NA,NA
RUG656,d__Bacteria,p__Firmicutes_A,c__Clostridia,o__Lachnospirales,f__Lachnospiraceae,g__UBA2856,s__GCA_002391125.1
RUG657,d__Bacteria,p__Bacteroidota,c__Bacteroidia,o__Bacteroidales,f__Bacteroidaceae,g__UBA1179,NA
RUG658,d__Bacteria,p__Elusimicrobiota,c__Endomicrobia,o__Endomicrobiales,f__Endomicrobiaceae,NA,NA
RUG659,d__Bacteria,p__Bacteroidota,c__Bacteroidia,o__Bacteroidales,f__P3,g__P3,NA
RUG660,d__Bacteria,p__Bacteroidota,c__Bacteroidia,o__Bacteroidales,f__Bacteroidaceae,g__Prevotella,NA
RUG661,d__Bacteria,p__Firmicutes_A,c__Clostridia,o__Oscillospirales,f__DTU089,g__UBA1227,NA
RUG662,d__Bacteria,p__Firmicutes_A,c__Clostridia,o__Saccharofermentanales,f__Saccharofermentanaceae,g__Saccharofermentans,NA
RUG663,d__Bacteria,p__Verrucomicrobiota,c__Lentisphaeria,o__UBA1784,f__UBA1829,g__UBA1732,NA
RUG664,d__Bacteria,p__Firmicutes,c__Bacilli,o__Lactobacillales,f__Streptococcaceae,g__Streptococcus,s__Streptococcus equinus
RUG665,d__Bacteria,p__Firmicutes_A,c__Clostridia,o__Oscillospirales,f__DTU089,g__Ruminococcus_E,NA
RUG666,d__Bacteria,p__Firmicutes_A,c__Clostridia,o__4C28d-15,f__UBA4651,g__UBA7867,NA
RUG667,d__Bacteria,p__Bacteroidota,c__Bacteroidia,o__Bacteroidales,f__UBA932,g__RC9,s__RC9 sp6
RUG668,d__Bacteria,p__Bacteroidota,c__Bacteroidia,o__Bacteroidales,f__Bacteroidaceae,g__Prevotella,NA
RUG669,d__Bacteria,p__Firmicutes_A,c__Clostridia,o__Oscillospirales,f__DTU089,g__UBA1213,NA
RUG670,d__Bacteria,p__Firmicutes_A,c__Clostridia,o__Oscillospirales,f__DTU089,g__CAG-964,NA
RUG671,d__Bacteria,p__Firmicutes_A,c__Clostridia,o__Lachnospirales,f__Lachnospiraceae,g__Eubacterium_Q,s__UBA10296
RUG672,d__Bacteria,p__Cyanobacteriota,c__Vampirovibrionia,o__Gastranaerophilales,f__Gastranaerophilaceae,g__CAG-196,NA
RUG673,d__Bacteria,p__Verrucomicrobiota,c__Kiritimatiellae,o__RFP12,f__UBA1067,g__UBA1067,s__UBA1067 sp3
RUG674,d__Bacteria,p__Firmicutes_A,c__Clostridia,o__Oscillospirales,f__Oscillospiraceae,g__F23-B02,NA
RUG675,d__Bacteria,p__Firmicutes_A,c__Clostridia,o__Oscillospirales,f__DTU089,g__UBA1227,NA
RUG676,d__Bacteria,p__Bacteroidota,c__Bacteroidia,o__Bacteroidales,f__F082,g__F082,NA
RUG677,d__Bacteria,p__Firmicutes_A,c__Clostridia,o__Christensenellales,f__CAG-74,g__UBA2943,NA
RUG678,d__Bacteria,p__Firmicutes_A,c__Clostridia,o__Oscillospirales,f__Oscillospiraceae,NA,NA
RUG679,d__Bacteria,p__Bacteroidota,c__Bacteroidia,o__Bacteroidales,f__UBA932,g__RC9,NA
RUG680,d__Bacteria,p__Firmicutes_A,c__Clostridia,o__Oscillospirales,f__CAG-272,g__CAG-390,s__GCA_002309755.1
RUG681,d__Bacteria,p__Firmicutes_A,c__Clostridia,o__Lachnospirales,f__Lachnospiraceae,g__CAG-791,s__GCA_002372835.1
RUG682,d__Bacteria,p__Firmicutes_A,c__Clostridia,o__Oscillospirales,f__DTU089,g__Ruminococcus_E,s__GCA_002350785.1
RUG683,d__Bacteria,p__Firmicutes_A,c__Clostridia,o__Lachnospirales,f__Lachnospiraceae,g__UBA2856,NA
RUG684,d__Bacteria,p__Firmicutes,c__Bacilli,o__Erysipelotrichales,f__Erysipelotrichaceae,g__Solobacterium,s__UBA10273
RUG685,d__Bacteria,p__Bacteroidota,c__Bacteroidia,o__Bacteroidales,f__Bacteroidaceae,g__Prevotella,NA
RUG686,d__Bacteria,p__Proteobacteria,c__Gammaproteobacteria,o__Enterobacterales,f__Succinivibrionaceae,g__UBA2810,s__UBA2810 sp1
RUG687,d__Bacteria,p__Firmicutes_A,c__Clostridia,o__Lachnospirales,f__Lachnospiraceae,NA,NA
RUG688,d__Bacteria,p__Firmicutes_A,c__Clostridia,o__Lachnospirales,f__Lachnospiraceae,g__CAG-791,s__CAG-791 sp5
RUG689,d__Bacteria,p__Bacteroidota,c__Bacteroidia,o__Bacteroidales,f__Bacteroidaceae,g__Alloprevotella,NA
RUG690,d__Bacteria,p__Fibrobacterota,c__Fibrobacteria,o__Fibrobacterales,f__Fibrobacteraceae,g__Fibrobacter,s__GCF_900142495.1
RUG691,d__Bacteria,p__Bacteroidota,c__Bacteroidia,o__Bacteroidales,f__Bacteroidaceae,NA,NA
RUG692,d__Bacteria,p__Firmicutes_A,c__Clostridia,o__Lachnospirales,f__Lachnospiraceae,g__Clostridium_R,NA
RUG693,d__Bacteria,p__Bacteroidota,c__Bacteroidia,o__Bacteroidales,f__Bacteroidaceae,g__Prevotella,s__GCA_002351045.1
RUG694,d__Bacteria,p__Firmicutes_A,c__Clostridia,o__Lachnospirales,f__Lachnospiraceae,g__Eubacterium_Q,NA
RUG695,d__Bacteria,p__Planctomycetota,c__Planctomycetes,o__Pirellulales,f__Thermoguttaceae,NA,NA
RUG696,d__Bacteria,p__Firmicutes,c__Bacilli,o__RFN20,f__CAG-826,g__UBA733,NA
RUG697,d__Bacteria,p__Bacteroidota,c__Bacteroidia,o__Bacteroidales,f__Bacteroidaceae,g__Prevotella,s__GCA_002342485.1
RUG698,d__Bacteria,p__Firmicutes,c__Bacilli,o__RFN20,f__CAG-826,g__UBA4951,NA
RUG699,d__Bacteria,p__Bacteroidota,c__Bacteroidia,o__Bacteroidales,f__F082,g__F082,NA
RUG700,d__Bacteria,p__Firmicutes_A,c__Clostridia,o__Oscillospirales,f__DTU089,NA,NA
RUG701,d__Bacteria,p__Firmicutes_A,c__Clostridia,o__Christensenellales,f__CAG-74,g__UBA2943,NA
RUG702,d__Bacteria,p__Firmicutes_A,c__Clostridia,o__Lachnospirales,f__Lachnospiraceae,g__UBA2942,s__GCA_002349005.1
RUG703,d__Bacteria,p__Spirochaetota,c__Spirochaetia,o__Sphaerochaetales,f__Sphaerochaetaceae,g__UBA9732,NA
RUG704,d__Bacteria,p__Firmicutes_A,c__Clostridia,o__Oscillospirales,f__DTU089,g__UBA1081,NA
RUG705,d__Bacteria,p__Firmicutes,c__Bacilli,o__RF39,f__UBA660,g__CAG-914,NA
RUG706,d__Bacteria,p__Firmicutes_A,c__Clostridia,o__Peptostreptococcales,f__Anaerovoracaceae,g__Eubacterium_A,NA
RUG707,d__Bacteria,p__Bacteroidota,c__Bacteroidia,o__Bacteroidales,f__UBA932,g__RC9,NA
RUG708,d__Bacteria,p__Firmicutes_A,c__Clostridia,o__Peptostreptococcales,f__Anaerovoracaceae,NA,NA
RUG709,d__Bacteria,p__Firmicutes_A,c__Clostridia,o__Lachnospirales,f__Lachnospiraceae,g__NK4A136,s__GCF_000421045.1
RUG710,d__Bacteria,p__Firmicutes_A,c__Clostridia,o__Lachnospirales,f__Lachnospiraceae,g__CAG-791,s__GCA_002371555.1
RUG711,d__Bacteria,p__Bacteroidota,c__Bacteroidia,o__Bacteroidales,f__Bacteroidaceae,g__UBA4334,NA
RUG712,d__Bacteria,p__Verrucomicrobiota,c__Kiritimatiellae,o__RFP12,f__UBA1067,g__UBA1067,NA
RUG713,d__Bacteria,p__Bacteroidota,c__Bacteroidia,o__Bacteroidales,f__Muribaculaceae,g__CAG-485,NA
RUG714,d__Bacteria,p__Firmicutes_A,c__Clostridia,o__Oscillospirales,f__DTU089,NA,NA
RUG715,d__Bacteria,p__Bacteroidota,c__Bacteroidia,o__Bacteroidales,f__Paludibacteraceae,g__RF16,NA
RUG716,d__Bacteria,p__Bacteroidota,c__Bacteroidia,o__Bacteroidales,f__Paludibacteraceae,g__RF16,NA
RUG717,d__Bacteria,p__Bacteroidota,c__Bacteroidia,o__Bacteroidales,f__UBA932,g__RC9,s__RC9 sp5
RUG718,d__Bacteria,p__Firmicutes_A,c__Clostridia,o__Oscillospirales,f__DTU089,g__Ruminococcus_E,s__GCA_002350785.1
RUG719,d__Bacteria,p__Bacteroidota,c__Bacteroidia,o__Bacteroidales,f__Paludibacteraceae,g__RF16,s__GCA_002372425.1
RUG720,d__Bacteria,p__Bacteroidota,c__Bacteroidia,o__Bacteroidales,f__UBA932,g__RC9,NA
RUG721,d__Bacteria,p__Actinobacteriota,c__Coriobacteriia,o__Coriobacteriales,f__Atopobiaceae,NA,NA
RUG722,d__Bacteria,p__Bacteroidota,c__Bacteroidia,o__Bacteroidales,f__UBA932,g__RC9,NA
RUG723,d__Bacteria,p__Bacteroidota,c__Bacteroidia,o__Bacteroidales,f__Muribaculaceae,g__C941,s__C941 sp3
RUG724,d__Bacteria,p__Firmicutes_A,c__Clostridia,o__Lachnospirales,f__Lachnospiraceae,g__Eubacterium_Q,s__Eubacterium_Q ruminantium
RUG725,d__Bacteria,p__Actinobacteriota,c__Coriobacteriia,o__Coriobacteriales,f__Atopobiaceae,g__Olsenella,s__GCA_002373915.1
RUG726,d__Bacteria,p__Firmicutes_A,c__Clostridia,o__Oscillospirales,f__DTU089,g__Ruminococcus_E,NA
RUG727,d__Bacteria,p__Firmicutes,c__Bacilli,o__RF39,f__UBA660,g__CAG-628,NA
RUG728,d__Bacteria,p__Cyanobacteriota,c__Vampirovibrionia,o__Gastranaerophilales,f__Gastranaerophilaceae,NA,NA
RUG729,d__Bacteria,p__Actinobacteriota,c__Coriobacteriia,o__Coriobacteriales,f__Atopobiaceae,g__Olsenella,NA
RUG730,d__Bacteria,p__UBA6262,NA,NA,NA,NA,NA
RUG731,d__Bacteria,p__Proteobacteria,c__Gammaproteobacteria,o__Enterobacterales,f__Succinivibrionaceae,g__UBA2810,s__UBA2810 sp1
RUG732,d__Bacteria,p__Spirochaetota,c__Spirochaetia,o__Treponematales,f__Treponemataceae,g__Treponema_D,NA
RUG733,d__Bacteria,p__Bacteroidota,c__Bacteroidia,o__Bacteroidales,f__Bacteroidaceae,g__UBA3839,NA
RUG734,d__Bacteria,p__Bacteroidota,c__Bacteroidia,o__Bacteroidales,f__WCHB1-69,g__UBA1756,NA
RUG735,d__Bacteria,p__Firmicutes_A,c__Clostridia,o__Lachnospirales,f__Lachnospiraceae,g__CAG-603,NA
RUG736,d__Bacteria,p__Bacteroidota,c__Bacteroidia,o__Bacteroidales,f__Paludibacteraceae,g__RF16,s__GCA_002372355.1
RUG737,d__Bacteria,p__Bacteroidota,c__Bacteroidia,o__Bacteroidales,f__P3,g__P3,NA
RUG738,d__Bacteria,p__Firmicutes_A,c__Clostridia,o__Oscillospirales,f__Ruminococcaceae,g__Ruminococcus,NA
RUG739,d__Bacteria,p__Bacteroidota,c__Bacteroidia,o__Bacteroidales,f__P3,g__P3,s__GCA_002392445.1
RUG740,d__Bacteria,p__Firmicutes_A,c__Clostridia,o__Christensenellales,f__CAG-74,g__GCA-900199385,NA
RUG741,d__Bacteria,p__Firmicutes_A,c__Clostridia,o__Oscillospirales,f__DTU089,g__Eubacterium_R,NA
RUG742,d__Bacteria,p__Bacteroidota,c__Bacteroidia,o__Bacteroidales,f__Bacteroidaceae,g__Prevotella,NA
RUG743,d__Bacteria,p__Firmicutes_A,c__Clostridia,o__Lachnospirales,f__Lachnospiraceae,g__Clostridium_R,NA
RUG744,d__Bacteria,p__Bacteroidota,c__Bacteroidia,o__Bacteroidales,f__Bacteroidaceae,g__Prevotella,s__GCA_002342595.1
RUG745,d__Bacteria,p__Cyanobacteriota,c__Vampirovibrionia,o__Gastranaerophilales,f__Gastranaerophilaceae,g__CAG-484,NA
RUG746,d__Bacteria,p__Firmicutes_A,c__Clostridia,o__Oscillospirales,f__Ruminococcaceae,g__Ruminococcus_C,s__Ruminococcus_C callidus
RUG747,d__Bacteria,p__Firmicutes,c__Bacilli,o__Erysipelotrichales,f__Erysipelotrichaceae,g__UBA636,NA
RUG748,d__Archaea,p__Euryarchaeota,c__Methanobacteria,o__Methanobacteriales,f__Methanobacteriaceae,g__Methanobrevibacter,NA
RUG749,d__Bacteria,p__Bacteroidota,c__Bacteroidia,o__Bacteroidales,f__Bacteroidaceae,g__UBA4334,NA
RUG750,d__Bacteria,p__Bacteroidota,c__Bacteroidia,o__Bacteroidales,f__UBA932,g__UBA1232,NA
RUG751,d__Bacteria,p__Bacteroidota,c__Bacteroidia,o__Bacteroidales,f__Bacteroidaceae,g__Prevotella,s__GCA_002392725.1
RUG752,d__Bacteria,p__Elusimicrobiota,c__Elusimicrobia,o__Elusimicrobiales,f__Elusimicrobiaceae,NA,NA
RUG753,d__Bacteria,p__Bacteroidota,c__Bacteroidia,o__Bacteroidales,f__Bacteroidaceae,g__Prevotella,NA
RUG754,d__Bacteria,p__Firmicutes_A,c__Clostridia,o__Peptostreptococcales,f__Anaerovoracaceae,g__CAG-145,NA
RUG755,d__Bacteria,p__Bacteroidota,c__Bacteroidia,o__Bacteroidales,f__Muribaculaceae,g__C941,NA
RUG756,d__Bacteria,p__Firmicutes_A,c__Clostridia,o__Christensenellales,f__CAG-74,NA,NA
RUG757,d__Bacteria,p__Firmicutes_A,c__Clostridia,o__Oscillospirales,f__DTU089,g__UBA1213,NA
RUG758,d__Bacteria,p__Firmicutes_A,c__Clostridia,o__Oscillospirales,f__DTU089,g__UBA1213,s__UBA9224
RUG759,d__Bacteria,p__Bacteroidota,c__Bacteroidia,o__Bacteroidales,f__Bacteroidaceae,g__Prevotella,s__GCA_002481285.1
RUG760,d__Bacteria,p__Firmicutes_A,c__Clostridia,o__Lachnospirales,f__UBA1390,NA,NA
RUG761,d__Archaea,p__Euryarchaeota,c__Methanobacteria,o__Methanobacteriales,f__Methanobacteriaceae,g__Methanosphaera,s__GCA_002509095.1
RUG762,d__Bacteria,p__Firmicutes_A,c__Clostridia,o__Oscillospirales,f__DTU089,NA,NA
RUG763,d__Bacteria,p__Firmicutes_A,c__Clostridia,o__Christensenellales,f__CAG-74,g__GCA-900199385,NA
RUG764,d__Bacteria,p__Firmicutes_A,c__Clostridia,o__Lachnospirales,f__Lachnospiraceae,g__Blautia_A,NA
RUG765,d__Bacteria,p__Bacteroidota,c__Bacteroidia,o__Bacteroidales,f__Bacteroidaceae,g__Prevotella,NA
RUG766,d__Bacteria,p__Bacteroidota,c__Bacteroidia,o__Bacteroidales,f__Bacteroidaceae,g__Prevotella,s__GCF_900100635.1
RUG767,d__Bacteria,p__Firmicutes_A,c__Clostridia,o__4C28d-15,f__CAG-917,g__CAG-475,NA
RUG768,d__Bacteria,p__Actinobacteriota,c__Coriobacteriia,o__Coriobacteriales,f__Atopobiaceae,g__Olsenella,NA
RUG769,d__Bacteria,p__Proteobacteria,c__Alphaproteobacteria,o__RF32,f__CAG-239,g__UBA2931,s__GCA_002349185.1
RUG770,d__Bacteria,p__Cyanobacteriota,c__Vampirovibrionia,o__Gastranaerophilales,f__Gastranaerophilaceae,g__UBA2883,NA
RUG771,d__Bacteria,p__Bacteroidota,c__Bacteroidia,o__Bacteroidales,f__Bacteroidaceae,g__Prevotella,s__GCA_002342595.1
RUG772,d__Bacteria,p__Proteobacteria,c__Alphaproteobacteria,o__RF32,f__CAG-239,g__UBA2931,NA
RUG773,d__Bacteria,p__Bacteroidota,c__Bacteroidia,o__Bacteroidales,f__UBA932,g__RC9,NA
RUG774,d__Bacteria,p__Proteobacteria,c__Alphaproteobacteria,o__RF32,f__Rs-D84,g__Rs-D84,NA
RUG775,d__Bacteria,p__Firmicutes_A,c__Clostridia,o__Lachnospirales,f__Lachnospiraceae,g__Agathobacter,s__Agathobacter faecis
RUG776,d__Bacteria,p__Firmicutes_A,c__Clostridia,o__Oscillospirales,f__Oscillospiraceae,g__F23-B02,NA
RUG777,d__Bacteria,p__Firmicutes_A,c__Clostridia,o__Oscillospirales,f__DTU089,NA,NA
RUG778,d__Bacteria,p__Actinobacteriota,c__Coriobacteriia,o__Coriobacteriales,f__Atopobiaceae,g__Olsenella,NA
RUG779,d__Archaea,p__Thermoplasmatota,c__Thermoplasmata_A,o__Methanomassiliicoccales,f__Methanomethylophilaceae,g__Methanomethylophilus,s__GCF_001481295.1
RUG780,d__Archaea,p__Euryarchaeota,c__Methanobacteria,o__Methanobacteriales,f__Methanobacteriaceae,g__Methanobrevibacter_A,NA
RUG781,d__Bacteria,p__Firmicutes_A,c__Clostridia,o__Lachnospirales,f__Lachnospiraceae,g__UBA3766,NA
RUG782,d__Bacteria,p__Bacteroidota,c__Bacteroidia,o__Bacteroidales,f__Bacteroidaceae,g__Prevotella,s__Prevotella sp13
RUG783,d__Bacteria,p__Firmicutes_A,c__Clostridia,o__Oscillospirales,f__Ruminococcaceae,g__Ruminococcus,NA
RUG784,d__Bacteria,p__Bacteroidota,c__Bacteroidia,o__Bacteroidales,f__UBA932,g__RC9,NA
RUG785,d__Bacteria,p__Bacteroidota,c__Bacteroidia,o__Bacteroidales,f__Bacteroidaceae,g__Prevotella,NA
RUG786,d__Bacteria,p__Bacteroidota,c__Bacteroidia,o__Bacteroidales,f__Bacteroidaceae,g__UBA4334,NA
RUG787,d__Archaea,p__Euryarchaeota,c__Methanobacteria,o__Methanobacteriales,f__Methanobacteriaceae,g__Methanobrevibacter_A,s__GCA_002498445.1
RUG788,d__Bacteria,p__Bacteroidota,c__Bacteroidia,o__Bacteroidales,f__Bacteroidaceae,g__Prevotella,s__GCA_002392565.1
RUG789,d__Bacteria,p__Firmicutes_A,c__Clostridia,o__Christensenellales,f__CAG-138,g__UBA2843,NA
RUG790,d__Bacteria,p__Bacteroidota,c__Bacteroidia,o__Bacteroidales,f__UBA932,g__RC9,NA
RUG791,d__Bacteria,p__Proteobacteria,c__Alphaproteobacteria,o__RF32,f__Rs-D84,g__Rs-D84,NA
RUG792,d__Bacteria,p__Firmicutes_A,c__Clostridia,o__Peptostreptococcales,f__Anaerovoracaceae,g__Mogibacterium,NA
RUG793,d__Bacteria,p__Firmicutes,c__Bacilli,o__RF39,f__UBA660,g__UBA2730,NA
RUG794,d__Bacteria,p__Firmicutes_A,c__Clostridia,o__Oscillospirales,f__DTU089,g__Ruminococcus_E,s__GCA_002350785.1
RUG795,d__Bacteria,p__Bacteroidota,c__Bacteroidia,o__Bacteroidales,f__Bacteroidaceae,g__UBA4372,s__UBA4372 sp2
RUG796,d__Bacteria,p__Firmicutes_A,c__Clostridia,o__Lachnospirales,f__Lachnospiraceae,g__CAG-791,NA
RUG797,d__Bacteria,p__Proteobacteria,c__Gammaproteobacteria,o__Enterobacterales,f__Succinivibrionaceae,g__UBA2810,s__UBA2810 sp1
RUG798,d__Bacteria,p__Firmicutes_A,c__Clostridia,o__Oscillospirales,f__Oscillospiraceae,g__CAG-83,NA
RUG799,d__Bacteria,p__Firmicutes_A,c__Clostridia,o__Christensenellales,f__CAG-74,g__UBA2862,NA
RUG800,d__Bacteria,p__Bacteroidota,c__Bacteroidia,o__Bacteroidales,f__Muribaculaceae,g__C941,NA
RUG801,d__Bacteria,p__Firmicutes_A,c__Clostridia,o__Saccharofermentanales,f__Saccharofermentanaceae,g__Saccharofermentans,s__GCA_002373235.1
RUG802,d__Bacteria,p__Actinobacteriota,c__Coriobacteriia,o__Coriobacteriales,NA,NA,NA
RUG803,d__Bacteria,p__Proteobacteria,c__Alphaproteobacteria,o__RF32,f__CAG-239,g__UBA1254,NA
RUG804,d__Bacteria,p__Actinobacteriota,c__Coriobacteriia,o__Coriobacteriales,f__Atopobiaceae,g__Olsenella,NA
RUG805,d__Bacteria,p__Firmicutes_A,c__Clostridia,o__Christensenellales,f__CAG-74,g__GCA-900199385,NA
RUG806,d__Bacteria,p__Firmicutes_A,c__Clostridia,o__Oscillospirales,f__DTU089,g__UBA1081,NA
RUG807,d__Bacteria,p__Eremiobacterota,c__Eremiobacteria,o__Eremiobacterales,f__Eremiobacteraceae,g__UBA4705,NA
RUG808,d__Bacteria,p__Firmicutes_A,c__Clostridia,o__Oscillospirales,f__DTU089,g__UBA1227,NA
RUG809,d__Bacteria,p__Firmicutes_A,c__Clostridia,o__Lachnospirales,f__Lachnospiraceae,g__Lachnospira,s__Lachnospira eligens
RUG810,d__Bacteria,p__Firmicutes,c__Bacilli,o__RFN20,f__CAG-288,g__UBA7642,s__GCA_002363075.1
RUG811,d__Bacteria,p__Firmicutes_A,c__Clostridia,o__Lachnospirales,f__Lachnospiraceae,g__UBA2887,NA
RUG812,d__Bacteria,p__Bacteroidota,c__Bacteroidia,o__Bacteroidales,f__Bacteroidaceae,g__Prevotella,NA
RUG813,d__Bacteria,p__Firmicutes,c__Bacilli,o__Erysipelotrichales,f__Erysipelotrichaceae,g__Solobacterium,NA
RUG814,d__Bacteria,p__Firmicutes_A,c__Clostridia,o__Oscillospirales,f__DTU089,g__UBA1213,NA
RUG815,d__Bacteria,p__Bacteroidota,c__Bacteroidia,o__Bacteroidales,f__Bacteroidaceae,g__Alloprevotella,NA
RUG816,d__Bacteria,p__Firmicutes_A,c__Clostridia,o__Lachnospirales,f__Lachnospiraceae,g__UBA3633,NA
RUG817,d__Bacteria,p__Firmicutes_A,c__Clostridia,o__Christensenellales,f__CAG-138,g__UBA3857,NA
RUG818,d__Bacteria,p__Bacteroidota,c__Bacteroidia,o__Bacteroidales,f__UBA932,g__RC9,NA
RUG819,d__Bacteria,p__Firmicutes_A,c__Clostridia,o__Lachnospirales,f__Lachnospiraceae,g__CAG-791,NA
RUG820,d__Bacteria,p__Firmicutes,c__Bacilli,o__RF39,f__UBA660,NA,NA
RUG821,d__Bacteria,p__Firmicutes_A,c__Clostridia,o__Christensenellales,f__CAG-74,g__UBA4263,NA
RUG822,d__Bacteria,p__Firmicutes_A,c__Clostridia,o__Lachnospirales,f__Lachnospiraceae,g__CAG-791,s__CAG-791 sp5
RUG823,d__Archaea,p__Euryarchaeota,c__Methanobacteria,o__Methanobacteriales,f__Methanobacteriaceae,g__Methanobrevibacter_A,NA
RUG824,d__Bacteria,p__Firmicutes_A,c__Clostridia,o__Lachnospirales,f__Lachnospiraceae,g__CAG-791,s__GCA_002372835.1
RUG825,d__Bacteria,p__Firmicutes_A,c__Clostridia,o__Oscillospirales,f__DTU089,g__CAG-964,NA
RUG826,d__Bacteria,p__Bacteroidota,c__Bacteroidia,o__Bacteroidales,f__UBA932,g__RC9,NA
RUG827,d__Bacteria,p__Bacteroidota,c__Bacteroidia,o__Bacteroidales,f__Bacteroidaceae,g__Prevotella,NA
RUG828,d__Bacteria,p__Bacteroidota,c__Bacteroidia,o__Bacteroidales,f__Bacteroidaceae,g__UBA2918,NA
RUG829,d__Bacteria,p__Firmicutes_A,c__Clostridia,o__Lachnospirales,f__Lachnospiraceae,g__UBA2856,NA
RUG830,d__Bacteria,p__Firmicutes_A,c__Clostridia,o__Lachnospirales,f__Lachnospiraceae,g__CAG-791,NA
RUG831,d__Bacteria,p__Fibrobacterota,c__Fibrobacteria,o__Fibrobacterales,f__Fibrobacteraceae,g__Fibrobacter,NA
RUG832,d__Bacteria,p__Firmicutes,c__Bacilli,o__RF39,f__UBA660,g__UBA5026,NA
RUG833,d__Archaea,p__Euryarchaeota,c__Methanobacteria,o__Methanobacteriales,f__Methanobacteriaceae,g__Methanobrevibacter_A,NA
RUG834,d__Bacteria,p__Firmicutes_A,c__Clostridia,o__Oscillospirales,f__DTU089,g__Ruminococcus_E,s__GCA_002350785.1
RUG835,d__Bacteria,p__Firmicutes_A,c__Clostridia,o__Oscillospirales,f__DTU089,g__Ruminococcus_E,NA
RUG836,d__Bacteria,p__Actinobacteriota,c__Coriobacteriia,o__Coriobacteriales,f__Atopobiaceae,g__Olsenella,NA
RUG837,d__Bacteria,p__Bacteroidota,c__Bacteroidia,o__Bacteroidales,f__Bacteroidaceae,g__UBA4372,NA
RUG838,d__Bacteria,p__Bacteroidota,c__Bacteroidia,o__Bacteroidales,f__Bacteroidaceae,g__Prevotella,NA
RUG839,d__Bacteria,p__Bacteroidota,c__Bacteroidia,o__Bacteroidales,f__Bacteroidaceae,g__Prevotella,NA
RUG840,d__Bacteria,p__Firmicutes,c__Bacilli,o__RF39,f__UBA660,g__CAG-1000,NA
RUG841,d__Bacteria,p__Cyanobacteriota,c__Vampirovibrionia,o__Gastranaerophilales,f__Gastranaerophilaceae,NA,NA
RUG842,d__Bacteria,p__Firmicutes_A,c__Clostridia,o__Lachnospirales,f__Lachnospiraceae,NA,NA
RUG843,d__Bacteria,p__Bacteroidota,c__Bacteroidia,o__Bacteroidales,f__Bacteroidaceae,g__Prevotella,NA
RUG844,d__Bacteria,p__Actinobacteriota,c__Coriobacteriia,o__Coriobacteriales,NA,NA,NA
RUG845,d__Bacteria,p__Firmicutes_A,c__Clostridia,o__Oscillospirales,f__DTU089,g__Ruminococcus_E,NA
RUG846,d__Bacteria,p__Firmicutes_A,c__Clostridia,o__Oscillospirales,f__DTU089,g__Ruminococcus_E,NA
RUG847,d__Bacteria,p__Firmicutes_A,c__Clostridia,o__Lachnospirales,f__Lachnospiraceae,NA,NA
RUG848,d__Bacteria,p__Firmicutes_C,c__Negativicutes,o__Acidaminococcales,f__Acidaminococcaceae,g__Succiniclasticum,s__Succiniclasticum ruminis
RUG849,d__Bacteria,p__Bacteroidota,c__Bacteroidia,o__Bacteroidales,f__Bacteroidaceae,g__UBA3839,s__UBA3839 sp2
RUG850,d__Bacteria,p__Firmicutes_A,c__Clostridia,o__Lachnospirales,f__Lachnospiraceae,g__UBA2856,s__GCA_002391125.1
hRUG851,d__Bacteria,p__Firmicutes_A,c__Clostridia,o__Lachnospirales,f__Lachnospiraceae,g__UBA2912,NA
hRUG852,d__Bacteria,p__Firmicutes_A,c__Clostridia,o__Lachnospirales,f__Lachnospiraceae,g__UBA629,s__GCA_002300065.1
hRUG853,d__Bacteria,p__Firmicutes_A,c__Clostridia,o__Lachnospirales,f__Lachnospiraceae,g__UBA1066,s__UBA1066 sp2
hRUG854,d__Bacteria,p__Firmicutes_C,c__Negativicutes,o__Selenomonadales,f__Selenomonadaceae,g__Schwartzia,NA
hRUG855,d__Bacteria,p__Firmicutes_A,c__Clostridia,o__Oscillospirales,f__Oscillospiraceae,g__UBA2922,s__UBA2922 sp1
hRUG856,d__Bacteria,p__Firmicutes_A,c__Clostridia,o__Lachnospirales,f__Lachnospiraceae,g__KLE1615,NA
hRUG857,d__Bacteria,p__Bacteroidota,c__Bacteroidia,o__Bacteroidales,f__Muribaculaceae,g__C941,s__C941 sp3
hRUG858,d__Bacteria,p__Bacteroidota,c__Bacteroidia,o__Bacteroidales,f__Bacteroidaceae,g__Prevotella,NA
hRUG859,d__Bacteria,p__Firmicutes_A,c__Clostridia,o__Lachnospirales,f__Lachnospiraceae,g__UBA2882,s__GCA_002350185.1
hRUG860,d__Bacteria,p__Firmicutes_C,c__Negativicutes,o__Selenomonadales,f__Selenomonadaceae,g__Selenomonas_C,NA
hRUG861,d__Bacteria,p__Firmicutes_A,c__Clostridia,o__Lachnospirales,f__Lachnospiraceae,g__UBA1066,NA
hRUG862,d__Bacteria,p__Proteobacteria,c__Gammaproteobacteria,o__Enterobacterales,f__Succinivibrionaceae,g__Succinivibrio,NA
hRUG863,d__Bacteria,p__Firmicutes_C,c__Negativicutes,o__Acidaminococcales,f__Acidaminococcaceae,g__Succiniclasticum,NA
hRUG864,d__Bacteria,p__Actinobacteriota,c__Coriobacteriia,o__Coriobacteriales,f__Atopobiaceae,g__UBA7748,s__GCA_002481605.1
hRUG865,d__Bacteria,p__Spirochaetota,c__Spirochaetia,o__Sphaerochaetales,f__Sphaerochaetaceae,g__UBA4273,s__GCA_002396025.1
hRUG866,d__Bacteria,p__Firmicutes_A,c__Clostridia,o__Peptostreptococcales,f__Anaerovoracaceae,g__Eubacterium_A,s__Eubacterium_A pyruvativorans
hRUG867,d__Bacteria,p__Firmicutes_A,c__Clostridia,o__Oscillospirales,f__Ruminococcaceae,g__Ruminococcus,NA
hRUG868,d__Bacteria,p__Firmicutes_A,c__Clostridia,o__Lachnospirales,f__Lachnospiraceae,g__CAG-791,s__CAG-791 sp2
hRUG869,d__Bacteria,p__Firmicutes_A,c__Clostridia,o__Lachnospirales,f__Lachnospiraceae,g__UBA1066,NA
hRUG870,d__Bacteria,p__Firmicutes_A,c__Clostridia,o__Lachnospirales,f__Lachnospiraceae,g__CAG-791,s__GCA_002351235.1
hRUG871,d__Bacteria,p__Firmicutes_A,c__Clostridia,o__Lachnospirales,f__Lachnospiraceae,g__Catonella,s__GCA_002472045.1
hRUG872,d__Bacteria,p__Firmicutes_A,c__Clostridia,o__Lachnospirales,f__Lachnospiraceae,g__UBA2887,NA
hRUG873,d__Bacteria,p__Bacteroidota,c__Bacteroidia,o__Bacteroidales,f__UBA932,g__RC9,NA
hRUG874,d__Bacteria,p__Firmicutes,c__Bacilli,o__Erysipelotrichales,f__Erysipelotrichaceae,g__Solobacterium,NA
hRUG875,d__Bacteria,p__Firmicutes_A,c__Clostridia,o__Lachnospirales,f__Lachnospiraceae,g__CAG-791,s__GCA_002481255.1
hRUG876,d__Bacteria,p__Firmicutes,c__Bacilli,o__Erysipelotrichales,f__Erysipelotrichaceae,g__Solobacterium,NA
hRUG877,d__Bacteria,p__Firmicutes_A,c__Clostridia,o__Lachnospirales,f__Lachnospiraceae,g__UBA2856,s__GCA_002350005.1
hRUG878,d__Bacteria,p__Bacteroidota,c__Bacteroidia,o__Bacteroidales,f__Bacteroidaceae,g__Prevotella,NA
hRUG879,d__Bacteria,p__Bacteroidota,c__Bacteroidia,o__Bacteroidales,f__Bacteroidaceae,g__Prevotella,s__UBA12356
hRUG880,d__Bacteria,p__Firmicutes_A,c__Clostridia,o__Lachnospirales,f__UBA1390,NA,NA
hRUG881,d__Bacteria,p__Firmicutes_A,c__Clostridia,o__Oscillospirales,f__DTU089,g__UBA1227,NA
hRUG882,d__Bacteria,p__Firmicutes_A,c__Clostridia,o__Peptostreptococcales,f__Anaerovoracaceae,g__Eubacterium_A,NA
hRUG883,d__Bacteria,p__Bacteroidota,c__Bacteroidia,o__Bacteroidales,f__Bacteroidaceae,g__UBA3839,NA
hRUG884,d__Bacteria,p__Firmicutes_A,c__Clostridia,o__Lachnospirales,f__Lachnospiraceae,g__UBA4285,NA
hRUG885,d__Bacteria,p__Firmicutes_C,c__Negativicutes,o__Veillonellales,f__Dialisteraceae,g__Dialister,NA
hRUG886,d__Bacteria,p__Firmicutes_A,c__Clostridia,o__Lachnospirales,f__Lachnospiraceae,g__CAG-791,s__CAG-791 sp5
hRUG887,d__Bacteria,p__Firmicutes_C,c__Negativicutes,o__Acidaminococcales,f__Acidaminococcaceae,g__Acidaminococcus,NA
hRUG888,d__Bacteria,p__Bacteroidota,c__Bacteroidia,o__Bacteroidales,f__Muribaculaceae,g__C941,NA
hRUG889,d__Bacteria,p__Firmicutes,c__Bacilli,o__RF39,f__UBA660,g__CAG-877,NA
hRUG890,d__Bacteria,p__Actinobacteriota,c__Coriobacteriia,o__Coriobacteriales,f__Atopobiaceae,g__UBA7748,NA
hRUG891,d__Bacteria,p__Actinobacteriota,c__Coriobacteriia,o__Coriobacteriales,f__Atopobiaceae,g__Olsenella_B,NA
hRUG892,d__Bacteria,p__Firmicutes_A,c__Clostridia,o__Lachnospirales,f__Lachnospiraceae,g__UBA2727,NA
hRUG893,d__Bacteria,p__Bacteroidota,c__Bacteroidia,o__Bacteroidales,f__Bacteroidaceae,g__Prevotella,s__Prevotella sp20
hRUG894,d__Bacteria,p__Firmicutes_C,c__Negativicutes,o__Acidaminococcales,f__Acidaminococcaceae,g__Acidaminococcus,NA
hRUG895,d__Bacteria,p__Firmicutes_A,c__Clostridia,o__Lachnospirales,f__Lachnospiraceae,g__Eubacterium_Q,s__GCA_002299995.1
hRUG896,d__Bacteria,p__Firmicutes_A,c__Clostridia,o__Lachnospirales,f__Lachnospiraceae,g__Eubacterium_H,NA
hRUG897,d__Bacteria,p__Bacteroidota,c__Bacteroidia,o__Bacteroidales,f__Bacteroidaceae,g__UBA6382,NA
hRUG898,d__Archaea,p__Thermoplasmatota,c__Thermoplasmata_A,o__Methanomassiliicoccales,f__Methanomethylophilaceae,g__Methanomethylophilus,s__GCF_001481295.1
hRUG899,d__Bacteria,p__Firmicutes_A,c__Clostridia,o__Lachnospirales,f__Lachnospiraceae,NA,NA
hRUG900,d__Bacteria,p__Firmicutes,c__Bacilli,o__Erysipelotrichales,f__Erysipelotrichaceae,g__Solobacterium,NA
hRUG901,d__Bacteria,p__Cyanobacteriota,c__Vampirovibrionia,o__Gastranaerophilales,f__Gastranaerophilaceae,g__UBA2813,s__GCA_002351645.1
hRUG902,d__Bacteria,p__Firmicutes,c__Bacilli,o__Erysipelotrichales,f__Erysipelotrichaceae,g__Solobacterium,s__GCA_002351305.1
hRUG903,d__Bacteria,p__Firmicutes_A,c__Clostridia,o__Oscillospirales,f__DTU089,g__UBA1081,NA
hRUG904,d__Bacteria,p__Firmicutes_A,c__Clostridia,o__Lachnospirales,f__Lachnospiraceae,g__CAG-127,s__CAG-127 sp2
hRUG905,d__Bacteria,p__Bacteroidota,c__Bacteroidia,o__Bacteroidales,f__Bacteroidaceae,g__Prevotella,NA
hRUG906,d__Bacteria,p__Bacteroidota,c__Bacteroidia,o__Bacteroidales,f__Bacteroidaceae,g__Prevotella,s__GCA_002350665.1
hRUG907,d__Bacteria,p__Bacteroidota,c__Bacteroidia,o__Bacteroidales,f__Paludibacteraceae,g__RF16,NA
hRUG908,d__Bacteria,p__Bacteroidota,c__Bacteroidia,o__Bacteroidales,f__Bacteroidaceae,g__Prevotella,NA
hRUG909,d__Bacteria,p__Bacteroidota,c__Bacteroidia,o__Bacteroidales,f__UBA932,g__RC9,NA
hRUG910,d__Bacteria,p__Firmicutes,c__Bacilli,o__RF39,f__UBA660,g__CAG-582,NA
hRUG911,d__Bacteria,p__Proteobacteria,c__Gammaproteobacteria,o__Betaproteobacteriales,f__Burkholderiaceae,g__Dakarella,NA
hRUG912,d__Bacteria,p__Firmicutes,c__Bacilli,o__Erysipelotrichales,f__Erysipelotrichaceae,g__CAG-536,NA
hRUG913,d__Bacteria,p__Bacteroidota,c__Bacteroidia,o__Bacteroidales,f__Bacteroidaceae,g__Prevotella,NA
